group,dataset,config,cap_s,known_s,expected_run_s,max_run_s,expected_reps,max_reps,expected_s,max_s
stage2 pilot,buck3,adaptive,900,,901.7910362416443,901.7910362416443,1,1,901.7910362416443,901.7910362416443
stage2 pilot,buck3,fixed_s0.001,900,,901.7910362416443,901.7910362416443,1,1,901.7910362416443,901.7910362416443
stage2 pilot,buck3,fixed_s0.01,900,,901.7910362416443,901.7910362416443,1,1,901.7910362416443,901.7910362416443
stage2 pilot,buck3,fixed_s0.1,900,,901.7910362416443,901.7910362416443,1,1,901.7910362416443,901.7910362416443
stage2 pilot,buck3,fixed_s1,900,,901.7910362416443,901.7910362416443,1,1,901.7910362416443,901.7910362416443
stage2 pilot,buck3,fixed_s10,900,,901.7910362416443,901.7910362416443,1,1,901.7910362416443,901.7910362416443
stage2 pilot,buck3,fixed_s100,900,,901.7910362416443,901.7910362416443,1,1,901.7910362416443,901.7910362416443
stage2 pilot,buck3,fixed_s1000,900,,901.7910362416443,901.7910362416443,1,1,901.7910362416443,901.7910362416443
stage2 pilot,mater-3,adaptive,900,4.25216551,6.937472503627933,6.937472503627933,1,1,6.937472503627933,6.937472503627933
stage2 pilot,mater-3,fixed_s0.001,900,,902.6853069936279,902.6853069936279,1,1,902.6853069936279,902.6853069936279
stage2 pilot,mater-3,fixed_s0.01,900,,902.6853069936279,902.6853069936279,1,1,902.6853069936279,902.6853069936279
stage2 pilot,mater-3,fixed_s0.1,900,,902.6853069936279,902.6853069936279,1,1,902.6853069936279,902.6853069936279
stage2 pilot,mater-3,fixed_s1,900,,610.725016260328,902.6853069936279,1,1,610.725016260328,902.6853069936279
stage2 pilot,mater-3,fixed_s10,900,,902.6853069936279,902.6853069936279,1,1,902.6853069936279,902.6853069936279
stage2 pilot,mater-3,fixed_s100,900,,902.6853069936279,902.6853069936279,1,1,902.6853069936279,902.6853069936279
stage2 pilot,mater-3,fixed_s1000,900,,902.6853069936279,902.6853069936279,1,1,902.6853069936279,902.6853069936279
stage2 pilot,shmup3,adaptive,900,,902.7499388336639,902.7499388336639,1,1,902.7499388336639,902.7499388336639
stage2 pilot,shmup3,fixed_s0.001,900,,902.7499388336639,902.7499388336639,1,1,902.7499388336639,902.7499388336639
stage2 pilot,shmup3,fixed_s0.01,900,,902.7499388336639,902.7499388336639,1,1,902.7499388336639,902.7499388336639
stage2 pilot,shmup3,fixed_s0.1,900,,902.7499388336639,902.7499388336639,1,1,902.7499388336639,902.7499388336639
stage2 pilot,shmup3,fixed_s1,900,,902.7499388336639,902.7499388336639,1,1,902.7499388336639,902.7499388336639
stage2 pilot,shmup3,fixed_s10,900,,902.7499388336639,902.7499388336639,1,1,902.7499388336639,902.7499388336639
stage2 pilot,shmup3,fixed_s100,900,,902.7499388336639,902.7499388336639,1,1,902.7499388336639,902.7499388336639
stage2 pilot,shmup3,fixed_s1000,900,,902.7499388336639,902.7499388336639,1,1,902.7499388336639,902.7499388336639
stage2 pilot,trto3,adaptive,900,,901.6107050320373,901.6107050320373,1,1,901.6107050320373,901.6107050320373
stage2 pilot,trto3,fixed_s0.001,900,,901.6107050320373,901.6107050320373,1,1,901.6107050320373,901.6107050320373
stage2 pilot,trto3,fixed_s0.01,900,,901.6107050320373,901.6107050320373,1,1,901.6107050320373,901.6107050320373
stage2 pilot,trto3,fixed_s0.1,900,,901.6107050320373,901.6107050320373,1,1,901.6107050320373,901.6107050320373
stage2 pilot,trto3,fixed_s1,900,,901.6107050320373,901.6107050320373,1,1,901.6107050320373,901.6107050320373
stage2 pilot,trto3,fixed_s10,900,,901.6107050320373,901.6107050320373,1,1,901.6107050320373,901.6107050320373
stage2 pilot,trto3,fixed_s100,900,,901.6107050320373,901.6107050320373,1,1,901.6107050320373,901.6107050320373
stage2 pilot,trto3,fixed_s1000,900,,901.6107050320373,901.6107050320373,1,1,901.6107050320373,901.6107050320373
stage2 pilot,vibra3,adaptive,900,,513.1993905483429,901.550919781015,1,1,513.1993905483429,901.550919781015
stage2 pilot,vibra3,fixed_s0.001,900,,901.550919781015,901.550919781015,1,1,901.550919781015,901.550919781015
stage2 pilot,vibra3,fixed_s0.01,900,,901.550919781015,901.550919781015,1,1,901.550919781015,901.550919781015
stage2 pilot,vibra3,fixed_s0.1,900,,901.550919781015,901.550919781015,1,1,901.550919781015,901.550919781015
stage2 pilot,vibra3,fixed_s1,900,,901.550919781015,901.550919781015,1,1,901.550919781015,901.550919781015
stage2 pilot,vibra3,fixed_s10,900,,901.550919781015,901.550919781015,1,1,901.550919781015,901.550919781015
stage2 pilot,vibra3,fixed_s100,900,,901.550919781015,901.550919781015,1,1,901.550919781015,901.550919781015
stage2 pilot,vibra3,fixed_s1000,900,,901.550919781015,901.550919781015,1,1,901.550919781015,901.550919781015
stage3 adaptive,trto1,adaptive,3600,,3602.853900306409,3602.853900306409,1,1,3602.853900306409,3602.853900306409
stage3 fixed,trto1,fixed,3600,23.17530763,26.02920793640869,26.02920793640869,3,3,78.08762380922607,78.08762380922607
stage3 tuned,trto1,tuned,3600,,3602.853900306409,3602.853900306409,1,1,3602.853900306409,3602.853900306409
stage3 adaptive,buck1,adaptive,3600,,3195.4814246662127,3602.2401533653106,1,1,3195.4814246662127,3602.2401533653106
stage3 fixed,buck1,fixed,3600,68.54751638,70.78766974531068,70.78766974531068,3,3,212.36300923593205,212.36300923593205
stage3 tuned,buck1,tuned,3600,,3602.2401533653106,3602.2401533653106,1,1,3602.2401533653106,3602.2401533653106
stage3 adaptive,vibra1,adaptive,3600,39.36312358,41.4654395158612,41.4654395158612,3,3,124.3963185475836,124.3963185475836
stage3 fixed,vibra1,fixed,3600,,573.7974308571255,3602.102315935861,3,1,1721.3922925713764,3602.102315935861
stage3 tuned,vibra1,tuned,3600,,3602.102315935861,3602.102315935861,1,1,3602.102315935861,3602.102315935861
stage3 adaptive,mater-1,adaptive,3600,31.97715379,35.09607031861938,35.09607031861938,3,3,105.28821095585815,105.28821095585815
stage3 fixed,mater-1,fixed,3600,,123.61218107996667,3603.1189165286196,3,1,370.83654323990004,3603.1189165286196
stage3 tuned,mater-1,tuned,3600,,3603.1189165286196,3603.1189165286196,1,1,3603.1189165286196,3603.1189165286196
stage3 adaptive,shmup1,adaptive,3600,,554.47286747132,3601.896072117874,3,1,1663.41860241396,3601.896072117874
stage3 fixed,shmup1,fixed,3600,,3601.896072117874,3601.896072117874,1,1,3601.896072117874,3601.896072117874
stage3 tuned,shmup1,tuned,3600,,3601.896072117874,3601.896072117874,1,1,3601.896072117874,3601.896072117874
stage3 adaptive,trto2,adaptive,3600,,675.6540268443334,3601.743600972415,1,1,675.6540268443334,3601.743600972415
stage3 fixed,trto2,fixed,3600,,3601.743600972415,3601.743600972415,1,1,3601.743600972415,3601.743600972415
stage3 tuned,trto2,tuned,3600,,3601.743600972415,3601.743600972415,1,1,3601.743600972415,3601.743600972415
stage3 adaptive,mater-2,adaptive,3600,16.46698816,19.095644015206304,19.095644015206304,3,3,57.28693204561891,57.28693204561891
stage3 fixed,mater-2,fixed,3600,,380.23894745688784,3602.6286558552065,3,1,1140.7168423706635,3602.6286558552065
stage3 tuned,mater-2,tuned,3600,,3602.6286558552065,3602.6286558552065,1,1,3602.6286558552065,3602.6286558552065
stage3 adaptive,buck2,adaptive,3600,,449.1421186613178,3601.8318779776337,3,1,1347.4263559839533,3601.8318779776337
stage3 fixed,buck2,fixed,3600,,3601.8318779776337,3601.8318779776337,1,1,3601.8318779776337,3601.8318779776337
stage3 tuned,buck2,tuned,3600,,3601.8318779776337,3601.8318779776337,1,1,3601.8318779776337,3601.8318779776337
stage3 adaptive,vibra2,adaptive,3600,,1309.9332309632046,3601.5837335403594,1,1,1309.9332309632046,3601.5837335403594
stage3 fixed,vibra2,fixed,3600,,264.3290813519163,3601.5837335403594,3,1,792.9872440557488,3601.5837335403594
stage3 tuned,vibra2,tuned,3600,,3601.5837335403594,3601.5837335403594,1,1,3601.5837335403594,3601.5837335403594
stage3 adaptive,mater-3,adaptive,3600,102.2848338,104.97014079362793,104.97014079362793,3,3,314.9104223808838,314.9104223808838
stage3 fixed,mater-3,fixed,3600,,989.9315046902801,3602.685306993628,1,1,989.9315046902801,3602.685306993628
stage3 tuned,mater-3,tuned,3600,,3602.685306993628,3602.685306993628,1,1,3602.685306993628,3602.685306993628
stage3 adaptive,trto3,adaptive,3600,,589.714683948323,3601.6107050320375,3,1,1769.144051844969,3601.6107050320375
stage3 fixed,trto3,fixed,3600,,3601.6107050320375,3601.6107050320375,1,1,3601.6107050320375,3601.6107050320375
stage3 tuned,trto3,tuned,3600,,3601.6107050320375,3601.6107050320375,1,1,3601.6107050320375,3601.6107050320375
stage3 adaptive,mater-4,adaptive,3600,,222.76771459040992,3602.2545635019683,3,1,668.3031437712298,3602.2545635019683
stage3 fixed,mater-4,fixed,3600,,1745.2498632108382,3602.2545635019683,1,1,1745.2498632108382,3602.2545635019683
stage3 tuned,mater-4,tuned,3600,,3602.2545635019683,3602.2545635019683,1,1,3602.2545635019683,3602.2545635019683
stage3 adaptive,buck3,adaptive,3600,,409.16462931413514,3601.791036241644,3,1,1227.4938879424053,3601.791036241644
stage3 fixed,buck3,fixed,3600,,3601.791036241644,3601.791036241644,1,1,3601.791036241644,3601.791036241644
stage3 tuned,buck3,tuned,3600,,3601.791036241644,3601.791036241644,1,1,3601.791036241644,3601.791036241644
stage3 adaptive,vibra3,adaptive,3600,,623.6472267400104,3601.550919781015,1,1,623.6472267400104,3601.550919781015
stage3 fixed,vibra3,fixed,3600,,3601.550919781015,3601.550919781015,1,1,3601.550919781015,3601.550919781015
stage3 tuned,vibra3,tuned,3600,,3601.550919781015,3601.550919781015,1,1,3601.550919781015,3601.550919781015
stage3 adaptive,mater-5,adaptive,3600,,1360.5903570986356,3602.2803043459776,1,1,1360.5903570986356,3602.2803043459776
stage3 fixed,mater-5,fixed,3600,,2284.282982762516,3602.2803043459776,1,1,2284.282982762516,3602.2803043459776
stage3 tuned,mater-5,tuned,3600,,3602.2803043459776,3602.2803043459776,1,1,3602.2803043459776,3602.2803043459776
stage3 adaptive,shmup2,adaptive,3600,,3601.9401693569853,3601.9401693569853,1,1,3601.9401693569853,3601.9401693569853
stage3 fixed,shmup2,fixed,3600,,3601.9401693569853,3601.9401693569853,1,1,3601.9401693569853,3601.9401693569853
stage3 tuned,shmup2,tuned,3600,,3601.9401693569853,3601.9401693569853,1,1,3601.9401693569853,3601.9401693569853
stage3 adaptive,trto4,adaptive,3600,,3601.8936510635954,3601.8936510635954,1,1,3601.8936510635954,3601.8936510635954
stage3 fixed,trto4,fixed,3600,,3601.8936510635954,3601.8936510635954,1,1,3601.8936510635954,3601.8936510635954
stage3 tuned,trto4,tuned,3600,,3601.8936510635954,3601.8936510635954,1,1,3601.8936510635954,3601.8936510635954
stage3 adaptive,mater-6,adaptive,3600,,346.490979097377,3602.9543942447176,3,1,1039.472937292131,3602.9543942447176
stage3 fixed,mater-6,fixed,3600,,2790.7900884442547,3602.9543942447176,1,1,2790.7900884442547,3602.9543942447176
stage3 tuned,mater-6,tuned,3600,,3602.9543942447176,3602.9543942447176,1,1,3602.9543942447176,3602.9543942447176
stage3 adaptive,buck4,adaptive,3600,,3602.125190749606,3602.125190749606,1,1,3602.125190749606,3602.125190749606
stage3 fixed,buck4,fixed,3600,,3602.125190749606,3602.125190749606,1,1,3602.125190749606,3602.125190749606
stage3 tuned,buck4,tuned,3600,,3602.125190749606,3602.125190749606,1,1,3602.125190749606,3602.125190749606
stage3 adaptive,vibra4,adaptive,3600,,3602.2699323447814,3602.2699323447814,1,1,3602.2699323447814,3602.2699323447814
stage3 fixed,vibra4,fixed,3600,,3365.2381235363027,3602.2699323447814,1,1,3365.2381235363027,3602.2699323447814
stage3 tuned,vibra4,tuned,3600,,3602.2699323447814,3602.2699323447814,1,1,3602.2699323447814,3602.2699323447814
stage3 adaptive,shmup3,adaptive,3600,,3602.749938833664,3602.749938833664,1,1,3602.749938833664,3602.749938833664
stage3 fixed,shmup3,fixed,3600,,3602.749938833664,3602.749938833664,1,1,3602.749938833664,3602.749938833664
stage3 tuned,shmup3,tuned,3600,,3602.749938833664,3602.749938833664,1,1,3602.749938833664,3602.749938833664
stage3 adaptive,trto5,adaptive,3600,,3603.557630896994,3603.557630896994,1,1,3603.557630896994,3603.557630896994
stage3 fixed,trto5,fixed,3600,,2752.2866508333623,3603.557630896994,1,1,2752.2866508333623,3603.557630896994
stage3 tuned,trto5,tuned,3600,,3603.557630896994,3603.557630896994,1,1,3603.557630896994,3603.557630896994
stage3 adaptive,shmup4,adaptive,3600,,2224.157486404103,3605.3147842650787,1,1,2224.157486404103,3605.3147842650787
stage3 fixed,shmup4,fixed,3600,,3605.3147842650787,3605.3147842650787,1,1,3605.3147842650787,3605.3147842650787
stage3 tuned,shmup4,tuned,3600,,3605.3147842650787,3605.3147842650787,1,1,3605.3147842650787,3605.3147842650787
stage3 adaptive,buck5,adaptive,3600,,3605.671200825455,3605.671200825455,1,1,3605.671200825455,3605.671200825455
stage3 fixed,buck5,fixed,3600,,1512.0293367631014,3605.671200825455,1,1,1512.0293367631014,3605.671200825455
stage3 tuned,buck5,tuned,3600,,3605.671200825455,3605.671200825455,1,1,3605.671200825455,3605.671200825455
stage3 adaptive,vibra5,adaptive,3600,,3605.60053233746,3605.60053233746,1,1,3605.60053233746,3605.60053233746
stage3 fixed,vibra5,fixed,3600,,1622.1576728352666,3605.60053233746,1,1,1622.1576728352666,3605.60053233746
stage3 tuned,vibra5,tuned,3600,,3605.60053233746,3605.60053233746,1,1,3605.60053233746,3605.60053233746
stage3 adaptive,shmup5,adaptive,3600,,719.718339348299,3618.812998567978,1,1,719.718339348299,3618.812998567978
stage3 fixed,shmup5,fixed,3600,,3618.812998567978,3618.812998567978,1,1,3618.812998567978,3618.812998567978
stage3 tuned,shmup5,tuned,3600,,3618.812998567978,3618.812998567978,1,1,3618.812998567978,3618.812998567978
