dataset,vec_len,m,adaptive_status,fixed_status,adaptive_practical_s,fixed_practical_s,adaptive_strict_s,fixed_strict_s,adaptive_end_to_end_s,fixed_end_to_end_s,adaptive_iterations,fixed_iterations,adaptive_max_dimacs,fixed_max_dimacs,adaptive_eta,fixed_eta,adaptive_objective_error,fixed_objective_error,adaptive_sigma_final,adaptive_sigma_changes,adaptive_ms_per_iteration,fixed_ms_per_iteration,adaptive_reps,fixed_reps,adaptive_dimacs_at_60s,fixed_dimacs_at_60s,adaptive_dimacs_at_300s,fixed_dimacs_at_300s,adaptive_dimacs_at_1800s,fixed_dimacs_at_1800s,practical_winner,strict_winner,practical_speedup_adaptive,strict_speedup_adaptive
trto1,361,36,TIMEOUT,STRICT_VALIDATED,,14.99094866,,23.426274323999998,1801.331388846,24.190092756,4902916,60150,0.5663750746449417,9.886500571346288e-07,0.1618214498985548,6.818519012432433e-07,0.47826769206260106,2.528305831112817e-07,6.25,5206,0.3628872062741846,0.38330812931005814,1,3,2.52142755698,9.88650057135e-07,2.61835289831,9.88650057135e-07,18.1422823128,9.88650057135e-07,fixed (only one reached),fixed (only one reached),,
buck1,661,36,TIMEOUT,STRICT_VALIDATED,,39.96066012,,68.868413343,1801.0610503449998,69.70033438099999,3582474,119850,0.11024656781022063,9.97657508515718e-07,0.0606855351008447,2.8504500243306227e-07,0.04784879033044345,9.625256979823878e-07,100,5652,0.49744368512932685,0.5700332563871506,1,3,2.85360420698,1.12390525793e-05,58.7808680268,9.97657508516e-07,1.59964594211,9.97657508516e-07,fixed (only one reached),fixed (only one reached),,
vibra1,661,36,STRICT_VALIDATED,STRICT_VALIDATED,30.52869843,275.1781773,39.555280106,556.9806449129999,40.580056715,557.732133292,68650,967500,9.178127213493052e-07,9.99740349295543e-07,8.4441859859022e-07,9.99740349295543e-07,1.408627469703728e-08,5.692392464691573e-08,6.25,206,0.5705657595193009,0.5691843653850128,3,3,9.17812721349e-07,0.00319113015021,9.17812721349e-07,6.57815297774e-05,9.17812721349e-07,9.9974034923e-07,adaptive,adaptive,9.013753990559499,14.081069415269125
mater-1,1322,103,PRACTICAL_VALIDATED,PRACTICAL_VALIDATED,2.641068768,74.21537713,,,33.243223457,124.034823928,99850,389800,8.580462818928942e-07,9.986285263403848e-07,6.154590643408253e-07,9.986285263403848e-07,1.6184395249180239e-06,1.724556855390201e-06,0.04,236,0.31071661320981475,0.30265087105695226,3,3,8.58046281893e-07,0.000386852261227,8.58046281893e-07,9.9862852634e-07,8.58046281893e-07,9.9862852634e-07,adaptive,neither reached,28.10050916856702,
shmup1,1713,16,PRACTICAL_VALIDATED,TIMEOUT,1706.959319,,,,1801.17791762,1801.16415426,1820426,1762882,7.820204655436602e-05,0.04639043783473862,7.820204655436602e-05,0.04639043783473862,5.694672055114025e-08,0.02349966011707103,50,2353,0.9805009877325416,1.013106591297092,1,1,0.0621693014445,0.0549473242665,0.00518108170506,0.0606538741105,7.87080743991e-05,0.0463909890764,adaptive (only one reached),neither reached,,
trto2,4897,144,TIMEOUT,TIMEOUT,,,,,1801.084747613,1800.886615234,1181927,1176209,0.7537676892418577,0.17096165074829772,0.11596425988336272,0.02630595632552448,0.9922933134880227,0.05390120153431695,6.25,1321,1.49570966269575,1.5031552143403084,1,1,5.08360227664,0.674967820022,2.67195943615,0.515384161522,4.49317805353,0.0893560175833,neither reached; lower external max DIMACS at the cap: fixed,neither reached,,
mater-2,6074,423,PRACTICAL_VALIDATED,STRICT_VALIDATED,3.397838603,234.9747203,,428.87025605400004,17.568308318,429.627715823,48400,1244200,8.262234131146374e-07,9.996791907344208e-07,4.1608971630672624e-07,7.497593930508156e-07,1.6405486610461091e-06,9.832944725078719e-07,0.08,186,0.31707861413223143,0.32415737566227293,3,3,8.26223413115e-07,0.0196263191891,8.26223413115e-07,1.54301977766e-05,8.26223413115e-07,9.99679190734e-07,adaptive,fixed (only one reached),69.15417350681032,
buck2,9553,144,TIMEOUT,TIMEOUT,,,,,1801.1493440939998,1801.2356081260002,907962,891350,0.6635403859212909,0.0003365267353138191,0.10208313629558322,0.0001986377830119912,0.7379935264618714,0.00011255523136806385,50,1023,1.9538039445108937,1.98923561303304,1,1,21.7549312043,0.107193350241,4.14988720971,0.111637016811,48.1749089242,0.000629502777773,neither reached; lower external max DIMACS at the cap: fixed,neither reached,,
vibra2,9553,144,TIMEOUT,TIMEOUT,,,,,1800.79299927,1800.729147521,907431,908190,0.5382155131188197,0.0011930939531042818,0.08280238663366456,0.0007977843058292489,0.9040532372747486,0.2224486436223445,100,1324,1.9531261645480482,1.9520698083605854,1,1,26.2819977079,0.0762484085904,3.87646475055,0.00290077992989,3.9581264042,0.0129228647388,neither reached; lower external max DIMACS at the cap: fixed,neither reached,,
mater-3,21518,1439,STRICT_VALIDATED,PRACTICAL_VALIDATED,3.665001083,595.733376,88.054491798,,89.09372115900001,1801.3548597669999,231000,4727643,9.878596674709876e-07,4.055540673525299e-06,2.618705003213573e-07,3.0416555051439747e-06,3.46344763648995e-07,8.75358908171442e-07,0.01,373,0.36589675359740265,0.3636425048247086,3,1,2.94531994969e-06,0.0680090820155,9.87859667471e-07,0.00330285245186,9.87859667471e-07,4.05564398088e-06,adaptive,adaptive (only one reached),162.54657570588228,
trto3,52225,544,TIMEOUT,TIMEOUT,,,,,1801.2120053699998,1800.812294064,521375,521616,1.6339947880537935,0.5228608771502602,0.1343535367743081,0.5228608771502602,0.3065266018591404,0.7081782165302783,0.390625,639,3.177097094172141,3.1747187621334465,1,1,9.95570942952,0.643778628096,6.89854097773,0.623615994477,2.59479873876,0.522863670713,neither reached; lower external max DIMACS at the cap: fixed,neither reached,,
mater-4,74978,4807,STRICT_VALIDATED,TIMEOUT,25.56701391,,505.538434426,,506.647899506,1801.43263166,769500,2741433,6.579150924847396e-07,0.0016338596491183854,1.1869145545722097e-07,0.0016338596491183854,9.934769535850948e-08,0.003262588645453973,0.005,901,0.594678442879792,0.5967328369006282,3,1,0.000194718925657,0.217525845186,2.56606718065e-05,0.0676877747706,6.57915092485e-07,0.00163495530351,adaptive (only one reached),adaptive (only one reached),,
buck3,103585,544,TIMEOUT,TIMEOUT,,,,,1801.390076194,1800.921274606,363375,364164,0.5181686951691001,0.09812687124321974,0.12494985486812171,0.09812687124321974,0.9909830145988122,0.3107396003808327,0.0244140625,548,4.62463883936154,4.618575279970014,1,1,237.402576304,0.453974265062,268.543397837,0.35008224241,6.34645801758,0.0981272208745,neither reached; lower external max DIMACS at the cap: fixed,neither reached,,
vibra3,103585,544,TIMEOUT,TIMEOUT,,,,,1801.234704568,1801.293591418,365924,362386,0.12011104979806303,0.013017665198387884,0.07642034485734774,0.0010703640995271392,0.9631730642532264,0.2519508851386064,25,595,4.612747246630448,4.6461886142649,1,1,54.9048820426,0.362202548618,7.03552928299,0.346014500047,31.6153514754,0.010081314626,neither reached; lower external max DIMACS at the cap: fixed,neither reached,,
mater-5,160910,10143,STRICT_VALIDATED,TIMEOUT,47.9719568,,1039.1074671640001,,1040.580888026,1801.533468933,890000,1557925,8.19854576182839e-07,0.03539089840528832,2.2060451657473607e-07,0.03539089840528832,2.445554969345701e-07,0.07311357946221929,0.005,1012,1.1072461673303369,1.0920245535516793,1,1,3.21632911212e-05,0.434854481155,7.33994247095e-05,0.168295671036,8.19854576183e-07,0.0354205483643,adaptive (only one reached),adaptive (only one reached),,
shmup2,194881,200,TIMEOUT,TIMEOUT,,,,,1801.2026529539999,1801.273684361,244662,246853,0.02789860350524779,0.3410225449715889,0.0036848967937553982,0.3410225449715889,0.44156293903405386,0.9175890793165086,0.04,587,6.744132330999502,6.752865989609201,1,1,0.371597335093,0.415393985767,0.35670711489,0.376032011271,0.29942176904,0.342276229821,neither reached; lower external max DIMACS at the cap: adaptive,neither reached,,
trto4,228001,1200,TIMEOUT,TIMEOUT,,,,,1801.535143672,1801.458497838,231000,231182,2.5582977143897554,1.950252597273334,0.15235044328899194,0.5222851824677351,0.968213729688323,0.9995468799265226,0.048828125,345,7.222218345744588,7.172512311295862,1,1,21.2956416444,0.666625910932,43.1553825326,0.627808612498,45.5180176575,0.605786570934,neither reached; lower external max DIMACS at the cap: fixed,neither reached,,
mater-6,327758,20463,PRACTICAL_VALIDATED,TIMEOUT,188.5758177,,,,1801.806225633,1802.2754130679998,827123,817549,6.5845037655942286e-06,0.11289231447803948,4.396544879701129e-07,0.11214960352127841,1.1270861361766497e-08,0.25177697305919877,0.00125,950,2.0605320800763613,2.0869181837272137,1,1,0.028592755866,0.798423510073,0.000193350532782,0.365439015329,6.58450376559e-06,0.112955739178,adaptive (only one reached),neither reached,,
buck4,454129,1200,TIMEOUT,TIMEOUT,,,,,1801.817588403,1801.624053542,126034,125401,2.068867991101657,0.38570604459490104,0.11609478149077375,0.38570604459490104,0.9789932067927755,0.8648663065266076,3.125,278,13.610450166447148,13.611876259328072,1,1,0.825315467138,0.63771596321,5.48355545805,0.38646090601,20.8537640131,0.389500551525,neither reached; lower external max DIMACS at the cap: fixed,neither reached,,
vibra4,454129,1200,TIMEOUT,TIMEOUT,,,,,1801.750508697,1801.655941915,127266,127863,0.4277316475698077,0.343624879393599,0.10342080497500471,0.343624879393599,0.7706736812565966,0.8730113938905978,0.006103515625,270,13.476673545149529,13.412169477432878,1,1,0.384707018654,0.466319411525,0.659982028661,0.350641586331,2.43800857974,0.364203183162,neither reached; lower external max DIMACS at the cap: fixed,neither reached,,
shmup3,812641,420,TIMEOUT,TIMEOUT,,,,,1802.176248315,1802.2378206199999,91113,90624,0.04999630448677865,0.3298320669282712,0.04999630448677865,0.3298320669282712,0.982969439982326,0.96737413365141,100,293,18.64693211434153,18.696576630451098,1,1,0.0499963044868,0.435699670603,0.317997843159,0.369975149623,0.29438373866,0.33201048165,neither reached; lower external max DIMACS at the cap: adaptive,neither reached,,
trto5,1554721,3280,TIMEOUT,TIMEOUT,,,,,1803.491284974,1804.0659982729999,72958,74001,4.817090583354107,1.7150413674920946,0.16716332872563813,0.48547898782127635,0.9718458522581095,0.9995570839171624,0.048828125,196,23.606611565777566,23.292383285077225,1,1,0.631180563027,0.930823126591,39.8030102951,0.61409231935,3.50239826114,0.6221022953,neither reached; lower external max DIMACS at the cap: fixed,neither reached,,
shmup4,2827361,800,TIMEOUT,TIMEOUT,,,,,1805.019055587,1805.302161947,51773,59175,0.20174115113712443,0.37357013875104017,0.20174115113712443,0.37357013875104017,0.9911916283836688,0.9822505702586712,100,217,33.81158031811948,29.455858411406844,1,1,0.542596373037,0.465562398566,0.402069219892,0.426536633396,0.299007691038,0.379904487876,neither reached; lower external max DIMACS at the cap: adaptive,neither reached,,
buck5,3104401,3280,TIMEOUT,TIMEOUT,,,,,1805.408778087,1805.730986841,37497,37569,1.5684022788643874,0.9498789952589485,0.1855220939937664,0.33666898747078533,0.9921559847594096,0.9783852905327765,0.01,179,44.683736145478306,44.70189239875962,1,1,0.588116648111,2.70327836063,169.270243444,0.619925562083,1.6014486541,0.411785080111,neither reached; lower external max DIMACS at the cap: fixed,neither reached,,
vibra5,3104401,3280,TIMEOUT,TIMEOUT,,,,,1805.943914056,1805.5776535609998,38091,38250,0.6687065893318533,0.43797642314380775,0.2407729923726073,0.3115042040808183,0.9683924938768802,0.9164363317750442,0.02,189,43.92769810884461,43.87012603518954,1,1,0.526339462826,2.79142365962,0.459656211619,0.703774957681,6.02079348754,0.318514715036,neither reached; lower external max DIMACS at the cap: fixed,neither reached,,
shmup5,13849441,1800,TIMEOUT,TIMEOUT,,,,,1822.095540478,1821.773153484,18613,54504,0.31134061727560985,0.3663777153650643,0.31134061727560985,0.3663777153650643,0.9716800286158429,0.991489836642033,50,151,96.09379330038145,32.33966542510642,1,1,,,0.41301147765,0.399479594994,0.326664915265,0.378597463541,neither reached; lower external max DIMACS at the cap: adaptive,neither reached,,
