dataset,config,policy,sigma_initial,sigma_final,sigma_changes,iterations,reps,iterations_equal_across_reps,time_limit_s,stop_reason,in_sample,eta_0.001_time_s,eta_0.001_iter,dimacs_0.001_time_s,dimacs_0.001_iter,eta_0.0001_time_s,eta_0.0001_iter,dimacs_0.0001_time_s,dimacs_0.0001_iter,eta_1e-05_time_s,eta_1e-05_iter,dimacs_1e-05_time_s,dimacs_1e-05_iter,eta_1e-06_time_s,eta_1e-06_iter,dimacs_1e-06_time_s,dimacs_1e-06_iter,practical_time_s,end_to_end_s,solve_time_s,setup_s,validation_time_s,first_practical_iteration,first_strict_iteration,iter_time_ms,eta_at_60s,dimacs_at_60s,eta_at_300s,dimacs_at_300s,eta_at_1800s,dimacs_at_1800s,end_to_end_min_s,end_to_end_max_s,eta,final_eta,max_abs_dimacs,final_max_abs_dimacs,objective_error,final_objective_error,X_cone,final_X_cone,S_cone,final_S_cone,Z_cone,final_Z_cone,plato_class,final_plato_class,objective_check,final_objective_check,sdpa_objective,final_sdpa_objective,dimacs1,final_dimacs1,dimacs2,final_dimacs2,dimacs3,final_dimacs3,dimacs4,final_dimacs4,dimacs5,final_dimacs5,dimacs6,final_dimacs6,status,notes
trto1,adaptive,legacy_adaptive,1.0,6.25,5206,4902916,1,True,1800,time_limit,,,,,,,,,,,,,,,,,,,1801.331388846,1800.068812,1.258935239,20.765911,-1,-1,0.3628872062741846,0.99994298567,2.52142755698,0.999962714084,2.61835289831,5.18350923222,18.1422823128,1801.331388846,1801.331388846,0.1618214498985548,5.124208786435746,0.5663750746449417,17.934730752525113,0.47826769206260106,0.8023369316785328,6.8972293484700666e-09,4.788101275039238e-09,4.341422398178866e-15,0.0,0.07978534234987708,0.0,f,f,fail,fail,575.7750664247945,1991.483477970618,0.5663750746449417,17.934730752525113,7.0132511182227554e-06,0.00015790106138616162,0.200691413346715,0.4962607844497842,5.426777997723583e-15,0.0,-0.1533387473240028,0.5295906191869558,-2.0464056917945148e-08,-3.1859587770578714e-08,TIMEOUT,
trto1,fixed,fixed,1.0,1,0,60150,3,True,1800,strict_validated,,9.959768017,25550,10.173948886,26100,14.990943514,38474,15.487578271,39750,18.386146838000002,47200,18.483419725999997,47450,22.938793729,58900,23.426274323999998,60150,14.99094866,24.190092756,23.42630011,0.74718223491,0.223515404,38474,60150,0.38330812931005814,6.81851901172e-07,9.88650057135e-07,6.81851901172e-07,9.88650057135e-07,6.81851901172e-07,9.88650057135e-07,24.167438659,24.282143925,6.818519012432433e-07,,9.886500571346288e-07,,2.528305831112817e-07,,1.8361082916653598e-16,,0.0,,1.265954743777811e-07,,clean,,pass,,1104.5002795042096,,9.886500571346288e-07,,4.366118428008484e-13,,2.2340679787670701e-07,,0.0,,-6.818519012432433e-07,,1.883190313250393e-12,,STRICT_VALIDATED,
buck1,adaptive,legacy_adaptive,1.0,100,5652,3582474,1,True,1800,time_limit,,,,,,,,,,,,,,,,,,,1801.0610503449998,1800.06595,0.9974606003100001,17.90494906,-1,-1,0.49744368512932685,0.999047376892,2.85360420698,16.7945337219,58.7808680268,0.933030936438,1.59964594211,1801.0610503449998,1801.0610503449998,0.0606855351008447,0.9330261824904028,0.11024656781022063,1.599645979208168,0.04784879033044345,0.8067654798481884,3.491574606651159e-10,1.314242596367756e-12,7.477177501297935e-16,8.080508901293873e-15,0.010519313979728316,8.429381004502359e-11,f,f,fail,fail,153.47303039148173,27.48647837316395,0.11024656781022063,1.599645979208168,1.0643219687495931e-07,5.120858513021349e-12,0.07378215922617463,1.5576849848190757e-09,9.346471876622419e-16,1.010063612661734e-14,0.0606855351008447,0.9330261824904028,-1.036004007580906e-09,5.9291063807133755e-09,TIMEOUT,
buck1,fixed,fixed,1.0,1,0,119850,3,True,1800,strict_validated,,28.423420489,49350,29.226260563000004,50750,39.96065381,69440,40.74034812199999,70800,51.531964278000004,89600,57.373257837,99800,63.04561771,109700,68.868413343,119850,39.96066012,69.70033438099999,68.86844103,0.78808238209,0.550156198,69440,119850,0.5700332563871506,4.74651901589e-06,1.12390525793e-05,2.85045002433e-07,9.97657508516e-07,2.85045002433e-07,9.97657508516e-07,69.66566374599999,69.705230591,2.8504500243306227e-07,,9.97657508515718e-07,,9.625256979823878e-07,,1.5727780585299619e-15,,2.549092357417917e-15,,7.434657756394572e-08,,clean,,pass,,146.41905810523164,,9.97657508515718e-07,,3.579911556554563e-13,,1.4781795138332427e-07,,3.1863654467723967e-15,,-1.9921652066677275e-07,,2.2819542079082285e-11,,STRICT_VALIDATED,
vibra1,adaptive,legacy_adaptive,1.0,6.25,206,68650,3,True,1800,strict_validated,,24.792499414999998,42950,24.849866326999997,43050,30.528692437000004,52919,30.831389839,53450,36.169310734999996,62750,36.511304448000004,63350,39.327274280000005,68250,39.555280106,68650,30.52869843,40.580056715,39.5553075,0.9084082278400001,0.322499589,52919,68650,0.5705657595193009,8.44418598452e-07,9.17812721349e-07,8.44418598452e-07,9.17812721349e-07,8.44418598452e-07,9.17812721349e-07,40.397607,40.771097646,8.4441859859022e-07,,9.178127213493052e-07,,1.408627469703728e-08,,4.486595387791645e-16,,6.605721141118538e-17,,6.220520216395248e-09,,clean,,pass,,40.81901058907406,,9.178127213493052e-07,,1.4413134532430901e-13,,7.6867753740949e-08,,8.257371612209968e-17,,8.4441859859022e-07,,1.2879745201961851e-12,,STRICT_VALIDATED,
vibra1,fixed,fixed,1.0,1,0,967500,3,True,1800,strict_validated,,133.92290051400002,233050,133.92290051400002,233050,275.178171308,479130,275.178171308,479130,416.19760307699994,723400,416.19760307699994,723400,556.9806449129999,967500,556.9806449129999,967500,275.1781773,557.732133292,556.9806738,0.7548044338300001,5.122965552,479130,967500,0.5691843653850128,0.00319113015021,0.00319113015021,6.57815297774e-05,6.57815297774e-05,9.9974034923e-07,9.9974034923e-07,556.631613025,558.753822598,9.99740349295543e-07,,9.99740349295543e-07,,5.692392464691573e-08,,2.548698020134033e-16,,1.1483237302574099e-17,,3.4539153346423765e-08,,clean,,pass,,40.81901238050217,,8.575285829952623e-09,,1.22361052707135e-13,,4.4259616810983533e-08,,1.4354429394288653e-17,,-9.99740349295543e-07,,1.6289383923201323e-13,,STRICT_VALIDATED,
mater-1,adaptive,legacy_adaptive,1.0,0.04,236,99850,3,True,1800,strict_validated,,1.900469907,5800,1.916120774,5850,2.641059774,8117,6.704162408,20700,17.21633255,53200,19.978602698,61750,31.439865735999998,97300,32.259751368,99850,2.641068768,33.243223457,32.27553416,0.9644388177600001,1.253182659,8117,99850,0.31071661320981475,6.15459064341e-07,8.58046281893e-07,6.15459064341e-07,8.58046281893e-07,6.15459064341e-07,8.58046281893e-07,33.215363444000005,33.264090387,6.154590643408253e-07,,8.580462818928942e-07,,1.6184395249180239e-06,,3.621484966147332e-15,,1.0996412114216982e-14,,1.3267064485467953e-08,,clean,,fail,,-143.46516619148665,,6.285957836950336e-07,,1.3508042504186596e-14,,8.580462818928942e-07,,1.0996412114216982e-14,,-6.154590643408253e-07,,1.374160186115617e-12,,PRACTICAL_VALIDATED,
mater-1,fixed,fixed,1.0,1,0,389800,3,True,1800,strict_validated,,49.928264879000004,158250,49.928264879000004,158250,74.215370099,235338,74.215370099,235338,98.547464217,312550,98.547464217,312550,123.08571767900001,389800,123.08571767900001,389800,74.21537713,124.034823928,123.0857504,1.00553134477,4.876733256,235338,389800,0.30265087105695226,0.000386852261227,0.000386852261227,9.9862852634e-07,9.9862852634e-07,9.9862852634e-07,9.9862852634e-07,123.89534163799999,124.782620897,9.986285263403848e-07,,9.986285263403848e-07,,1.724556855390201e-06,,5.409117483649026e-14,,1.5423282208345563e-14,,1.3807686105593575e-09,,clean,,fail,,-143.46515086120405,,6.655603381296781e-07,,2.330976418101923e-13,,4.138892312888584e-09,,1.5423282208345563e-14,,-9.986285263403848e-07,,2.5655464196836148e-11,,PRACTICAL_VALIDATED,
shmup1,adaptive,legacy_adaptive,1.0,50,2353,1820426,1,True,1800,time_limit,,863.79184327,873150,863.79184327,873150,1706.9593115970001,1726339,1706.9593115970001,1726339,,,,,,,,,1706.959319,1801.17791762,1800.130251,1.04209721035,15.05885915,1726339,-1,0.9805009877325416,0.0621693014445,0.0621693014445,0.00518108170506,0.00518108170506,7.87080743991e-05,7.87080743991e-05,1801.17791762,1801.17791762,7.820204655436602e-05,7.866478922131313e-05,7.820204655436602e-05,7.866478922131313e-05,5.694672055114025e-08,1.811585677492391e-06,3.1797449190207027e-15,4.0028577000498e-15,3.275178058941685e-18,2.18856062086789e-18,1.280128879601777e-07,1.2727807971144272e-07,clean,clean,pass,fail,188.4148107865517,188.4151431411388,1.0231833228427814e-07,3.6463169196806225e-06,1.1347392781562616e-12,1.055265024872978e-12,5.567708066384509e-07,5.552812457333512e-07,1.2643547361752362e-17,8.448752820770535e-18,-7.820204655436602e-05,-7.866478922131313e-05,-1.5575514885503415e-12,2.3471572370057245e-13,PRACTICAL_VALIDATED,
shmup1,fixed,fixed,1.0,1,0,1762882,1,True,1800,time_limit,,,,,,,,,,,,,,,,,,,1801.16415426,1800.135954,1.0285063005700001,13.99767555,-1,-1,1.013106591297092,0.0549473242665,0.0549473242665,0.0606538741105,0.0606538741105,0.0463909890764,0.0463909890764,1801.16415426,1801.16415426,0.04639043783473862,0.04639043783473862,0.04639043783473862,0.04639043783473862,0.02349966011707103,0.02349966011707103,4.3497226111297225e-15,4.3497226111297225e-15,0.0,0.0,0.0001380422468274924,0.0001380422468274924,f,f,fail,fail,183.96361657885703,183.96361657885703,3.1714957548679463e-06,3.1714957548679463e-06,8.460540325161384e-13,8.460540325161384e-13,0.0005797240498705262,0.0005797240498705262,0.0,0.0,-0.04639043783473862,-0.04639043783473862,3.2889964576208977e-14,3.2889964576208977e-14,TIMEOUT,
trto2,adaptive,legacy_adaptive,1.0,6.25,1321,1181927,1,True,1800,time_limit,,,,,,,,,,,,,,,,,,,1801.084747613,1800.081667,0.99220840296,32.17450114,-1,-1,1.49570966269575,0.796599630544,5.08360227664,0.999322461384,2.67195943615,0.691258162081,4.49317805353,1801.084747613,1801.084747613,0.11596425988336272,0.6845915955449573,0.7537676892418577,4.4498453710422226,0.9922933134880227,0.3250739960377478,3.881802105684769e-12,1.0201200907002028e-11,2.693994076385094e-14,1.6689733985561532e-14,0.11114498025291167,4.692675034644657e-06,f,f,fail,fail,97.65329403982162,8638.72777672079,0.7537676892418577,4.4498453710422226,9.108817148077114e-10,3.938864611751384e-07,0.14738020385578746,0.03674703017222245,3.3674925954813675e-14,2.0862167481951916e-14,-0.06926260777917347,0.39969976671322077,-1.0647848702734797e-12,2.0292278800823607e-10,TIMEOUT,
trto2,fixed,fixed,1.0,1,0,1176209,1,True,1800,time_limit,,,,,,,,,,,,,,,,,,,1800.886615234,1800.07955,0.79033628228,31.97037791,-1,-1,1.5031552143403084,0.674967820022,0.674967820022,0.515384161522,0.515384161522,0.0893560175833,0.0893560175833,1800.886615234,1800.886615234,0.02630595632552448,0.0893577235122776,0.17096165074829772,0.0893577235122776,0.05390120153431695,0.0007951543132432954,5.860062981746341e-15,2.758964774214069e-15,9.524466768907072e-15,2.793221176396066e-14,0.005084444996633546,0.008178875611374285,f,f,fail,fail,12110.010719159209,12789.821229636173,0.17096165074829772,0.008613314557292449,2.8842075092388005e-10,1.4176296509705034e-10,0.008051776682254024,0.010455294856500005,1.1905583461133839e-14,3.4915264704950823e-14,-0.02630595632552448,-0.0893577235122776,5.138756599728527e-12,3.1864807389527044e-12,TIMEOUT,
mater-2,adaptive,legacy_adaptive,1.0,0.08,186,48400,3,True,1800,strict_validated,,2.625705091,7600,2.659439662,7700,3.397831481,9878,3.4408238759999996,10000,6.123022108000001,17900,8.025261688,23500,14.744704341999999,43200,16.528555706000002,48400,3.397838603,17.568308318,16.52858828,1.03631132388,1.162890062,9878,48400,0.31707861413223143,4.16089716207e-07,8.26223413115e-07,4.16089716207e-07,8.26223413115e-07,4.16089716207e-07,8.26223413115e-07,17.492651491,17.653410555999997,4.1608971630672624e-07,,8.262234131146374e-07,,1.6405486610461091e-06,,5.084268795366214e-14,,3.088875560926603e-14,,1.9736769441003332e-09,,clean,,fail,,-141.5916660710494,,4.669181009021966e-07,,2.3796475943158278e-14,,8.262234131146374e-07,,3.088875560926603e-14,,-4.1608971630672624e-07,,6.266824815171909e-12,,PRACTICAL_VALIDATED,
mater-2,fixed,fixed,1.0,1,0,1244200,3,True,1800,strict_validated,,157.675943557,459500,157.675943557,459500,234.97470973199998,683857,234.97470973199998,683857,313.14950596700004,909800,313.14950596700004,909800,405.78046801700003,1177400,428.87025605400004,1244200,234.9747203,429.627715823,428.8702863,0.7531167740700001,30.18905315,683857,1244200,0.32415737566227293,0.0196263191891,0.0196263191891,1.54301977766e-05,1.54301977766e-05,7.49759393051e-07,9.99679190734e-07,425.977472284,433.384426792,7.497593930508156e-07,,9.996791907344208e-07,,9.832944725078719e-07,,1.0482068630295941e-12,,4.50195436485501e-14,,2.459398240617361e-10,,clean,,pass,,-141.59175979017292,,9.996791907344208e-07,,4.559566659086293e-13,,2.268961473486379e-09,,4.50195436485501e-14,,-3.750846723893733e-07,,7.488414423047265e-11,,STRICT_VALIDATED,
buck2,adaptive,legacy_adaptive,1.0,50,1023,907962,1,True,1800,time_limit,,,,,,,,,,,,,,,,,,,1801.1493440939998,1800.110862,1.03583338283,26.01709061,-1,-1,1.9538039445108937,3.34691249297,21.7549312043,0.999295011184,4.14988720971,7.41152444987,48.1749089242,1801.1493440939998,1801.1493440939998,0.10208313629558322,7.391864879347754,0.6635403859212909,48.0471217157604,0.7379935264618714,5.800753132328932,4.203240081582532e-06,4.5831015976047324e-10,4.350109675175402e-15,1.176216166457053e-15,0.03138537942638134,0.010784537481685775,f,f,fail,fail,75.86439373087575,1994.1253851510137,0.6635403859212909,48.0471217157604,1.4731187753820963e-05,4.318604357057652e-06,0.16061168934645245,0.034238795399516526,5.437637093969252e-15,1.4702702080713162e-15,-0.045644537598580726,-0.7971260780715717,-2.118498171327053e-08,-9.57170316992787e-10,TIMEOUT,
buck2,fixed,fixed,1.0,1,0,891350,1,True,1800,time_limit,,1617.53463711,801050,1617.53463711,801050,,,,,,,,,,,,,,1801.2356081260002,1800.09982,1.12723661935,26.88979222,-1,-1,1.98923561303304,0.107193350241,0.107193350241,0.111637016811,0.111637016811,0.000629502777773,0.000629502777773,1801.2356081260002,1801.2356081260002,0.0001986377830119912,0.0006296138927420368,0.0003365267353138191,0.0006296138927420368,0.00011255523136806385,2.6407035414771083e-06,1.7431248957363675e-15,1.502875785870898e-15,0.0,1.0580079408684396e-15,7.304047745562478e-06,1.539903185953261e-05,a,a,fail,fail,292.3352798631174,292.3675253012912,0.0003365267353138191,2.722575009136281e-05,2.1929635206293424e-12,7.295424558570314e-12,3.521639619451495e-05,2.5253796902982226e-05,0.0,1.3225099260855494e-15,-0.0001986377830119912,-0.0006296138927420368,-4.224759027002277e-13,1.5910076531844347e-12,TIMEOUT,
vibra2,adaptive,legacy_adaptive,1.0,100,1324,907431,1,True,1800,time_limit,,,,,,,,,,,,,,,,,,,1800.79299927,1800.085579,0.6984702959800001,27.66872041,-1,-1,1.9531261645480482,4.04338426275,26.2819977079,0.999515531705,3.87646475055,0.998922442319,3.9581264042,1800.79299927,1800.79299927,0.08280238663366456,0.9989224103950803,0.5382155131188197,3.9580503930897475,0.9040532372747486,0.9885384296016994,1.775137938477319e-09,4.3475982029536757e-10,1.4722145475749048e-15,1.8651741839906433e-15,0.0697130577764465,5.004317299002066e-06,f,f,fail,fail,15.02457736058669,0.9142576185433094,0.5382155131188197,3.9580503930897475,4.696676286288024e-08,4.176785528558567e-10,0.12806504979579206,2.8341852266262106e-05,1.8402686752067045e-15,2.331468351712894e-15,-0.07109461132910391,0.9989224103950803,-5.3017586949169e-10,-2.3160913671440426e-10,TIMEOUT,
vibra2,fixed,fixed,1.0,1,0,908190,1,True,1800,time_limit,,101.010091925,51050,,,,,,,,,,,,,,,,1800.729147521,1800.087458,0.6380699588800001,27.14500585,-1,-1,1.9520698083605854,0.0346417482506,0.0762484085904,0.00290077992989,0.00290077992989,0.0129228647388,0.0129228647388,1800.729147521,1800.729147521,0.0007977843058292489,0.012922489111444016,0.0011930939531042818,0.012922489111444016,0.2224486436223445,0.1996369324612293,7.530736862055405e-13,1.1215399892284506e-14,1.1528374643700274e-16,1.133850177478525e-18,0.0005519512764877743,0.0005044570172061784,a,f,fail,fail,128.86297305082104,132.67287783390805,0.00044870496755117234,0.0003192372291628878,1.2250089384575395e-10,1.4339384162091694e-11,0.0011930939531042818,0.0007492287042472924,1.4410472147416038e-16,1.4173130997981313e-18,-0.0007932826035086285,-0.012922489111444016,-2.2339749381502852e-13,-8.387689582270056e-13,TIMEOUT,
mater-3,adaptive,legacy_adaptive,1.0,0.01,373,231000,3,True,1800,strict_validated,,3.6214246510000003,9500,3.6214246510000003,9500,3.6649930029999997,9598,5.9058101139999994,15500,9.181387175,24000,25.084139194,66000,41.02494413,108000,88.054491798,231000,3.665001083,89.09372115900001,88.05452292,1.03509401056,3.797891298,9598,231000,0.36589675359740265,5.40917523906e-07,2.94531994969e-06,2.61870500321e-07,9.87859667471e-07,2.61870500321e-07,9.87859667471e-07,88.70088817,89.36776651400001,2.618705003213573e-07,,9.878596674709876e-07,,3.46344763648995e-07,,5.850313344539334e-15,,4.030109579389318e-14,,3.3884458849886556e-09,,clean,,pass,,-133.91625327244597,,3.4916066709514305e-07,,3.0882085055485214e-15,,9.878596674709876e-07,,4.030109579389318e-14,,-1.0899574131032693e-08,,1.8538582559309833e-12,,STRICT_VALIDATED,
mater-3,fixed,fixed,1.0,1,0,4727643,1,True,1800,time_limit,,400.673929008,1060500,400.673929008,1060500,595.733367059,1578505,595.733367059,1578505,797.978404272,2109000,822.0708733739999,2172000,,,,,595.733376,1801.3548597669999,1800.110832,1.2302718469099998,80.83136464,1578505,-1,0.3636425048247086,0.0680090820155,0.0680090820155,0.00330285245186,0.00330285245186,3.04173298566e-06,4.05564398088e-06,1801.3548597669999,1801.3548597669999,3.0416555051439747e-06,3.0416555051439747e-06,4.055540673525299e-06,4.055540673525299e-06,8.75358908171442e-07,8.75358908171442e-07,7.397878608425626e-13,7.397878608425626e-13,5.400890543935815e-14,5.400890543935815e-14,1.761949685595462e-11,1.761949685595462e-11,clean,clean,pass,pass,-133.91618189981494,-133.91618189981494,4.055540673525299e-06,4.055540673525299e-06,2.5286713666975954e-13,2.5286713666975954e-13,3.6163040777959094e-09,3.6163040777959094e-09,5.400890543935815e-14,5.400890543935815e-14,-2.3582423653242494e-07,-2.3582423653242494e-07,1.915814082143542e-10,1.915814082143542e-10,PRACTICAL_VALIDATED,
trto3,adaptive,legacy_adaptive,1.0,0.390625,639,521375,1,True,1800,time_limit,,,,,,,,,,,,,,,,,,,1801.2120053699998,1800.166115,1.0325215678300002,143.5518277,-1,-1,3.177097094172141,0.818597943355,9.95570942952,0.615224392305,6.89854097773,0.213354651018,2.59479873876,1801.2120053699998,1801.2120053699998,0.1343535367743081,0.21121732047852848,1.6339947880537935,2.56880473037611,0.3065266018591404,0.3048054815729043,3.2797016629197527e-13,3.1856471434085015e-08,9.919654585390769e-15,6.968485317888287e-15,0.01512241392225272,0.01164158576380946,f,f,fail,fail,8876.152969601144,8898.185030385252,1.6339947880537935,2.56880473037611,2.7784029608734983e-08,1.757956525579615e-07,0.1690493401488474,0.14515479587890331,1.239956823173846e-14,8.710606647360359e-15,-0.04988232073510007,-0.0866683158071476,-1.3266404745233222e-11,-2.368051451968506e-11,TIMEOUT,
trto3,fixed,fixed,1.0,1,0,521616,1,True,1800,time_limit,,,,,,,,,,,,,,,,,,,1800.812294064,1800.167158,0.6382874021,144.0277463,-1,-1,3.1747187621334465,0.643778628096,0.643778628096,0.623615994477,0.623615994477,0.522863670713,0.522863670713,1800.812294064,1800.812294064,0.5228608771502602,0.5228608771502602,0.5228608771502602,0.5228608771502602,0.7081782165302783,0.7081782165302783,4.6896525359032776e-14,4.6896525359032776e-14,2.411743311670745e-14,2.411743311670745e-14,0.021659458966919627,0.021659458966919627,f,f,fail,fail,3734.610650195908,3734.610650195908,0.15377119786704674,0.15377119786704674,1.152924129514506e-09,1.152924129514506e-09,0.028477785094141395,0.028477785094141395,3.014679139588431e-14,3.014679139588431e-14,-0.5228608771502602,-0.5228608771502602,-2.3843384591743864e-12,-2.3843384591743864e-12,TIMEOUT,
mater-4,adaptive,legacy_adaptive,1.0,0.005,901,769500,3,True,1800,strict_validated,,16.946538684,26000,16.946538684,26000,25.567005724999998,39296,25.567005724999998,39296,40.967451568,63000,125.64690811699998,193000,178.54253845099998,274000,505.538434426,769500,25.56701391,506.647899506,505.5384769,1.10289072905,44.95773096,39296,769500,0.594678442879792,1.01119920295e-05,0.000194718925657,5.1947777548e-06,2.56606718065e-05,1.18691455457e-07,6.57915092485e-07,498.859443624,509.193008579,1.1869145545722097e-07,,6.579150924847396e-07,,9.934769535850948e-08,,3.998833774756051e-15,,4.1589299889345473e-14,,5.072937292460722e-09,,clean,,pass,,-134.2627134380375,,1.582552739429613e-07,,1.4609924247115568e-15,,6.579150924847396e-07,,4.1589299889345473e-14,,-1.2443740046745161e-08,,2.7230837333122825e-12,,STRICT_VALIDATED,
mater-4,fixed,fixed,1.0,1,0,2741433,1,True,1800,time_limit,,,,,,,,,,,,,,,,,,,1801.43263166,1800.287607,1.1281893609,164.1239785,-1,-1,0.5967328369006282,0.164864806562,0.217525845186,0.0676877747706,0.0676877747706,0.00163495530351,0.00163495530351,1801.43263166,1801.43263166,0.0016338596491183854,0.0016338596491183854,0.0016338596491183854,0.0016338596491183854,0.003262588645453973,0.003262588645453973,6.772473730837343e-13,6.772473730837343e-13,5.2776781013812805e-14,5.2776781013812805e-14,2.9878918250680897e-07,2.9878918250680897e-07,a,a,fail,fail,-133.82139345082655,-133.82139345082655,0.0010948501521832784,0.0010948501521832784,2.4739819289247215e-13,2.4739819289247215e-13,8.783473795292223e-07,8.783473795292223e-07,5.2776781013812805e-14,5.2776781013812805e-14,-0.0016338596491183854,-0.0016338596491183854,5.443851134669028e-10,5.443851134669028e-10,TIMEOUT,
buck3,adaptive,legacy_adaptive,1.0,0.0244140625,548,363375,1,True,1800,time_limit,,,,,,,,,,,,,,,,,,,1801.390076194,1800.241576,1.12203174431,119.5374031,-1,-1,4.62463883936154,19.520182071,237.402576304,22.0807040148,268.543397837,0.999806796286,6.34645801758,1801.390076194,1801.390076194,0.12494985486812171,0.9997886381044718,0.5181686951691001,6.32922753775191,0.9909830145988122,0.9975011238303269,6.99537603421163e-09,2.2712457850851174e-06,1.5424496107410673e-14,3.846599739908462e-13,0.10346722926678094,0.0955215418160037,f,f,fail,fail,4.487786908582667,0.520829780681942,0.5181686951691001,6.32922753775191,6.61344350175143e-08,3.457575278778548e-06,0.2312955502643229,0.6036125441939361,1.928062013426334e-14,4.808249674885578e-13,-0.10505255293441061,0.9997886381044718,-3.7382730979729645e-09,-1.0995480312704273e-09,TIMEOUT,
buck3,fixed,fixed,1.0,1,0,364164,1,True,1800,time_limit,,,,,,,,,,,,,,,,,,,1800.921274606,1800.239657,0.66081119624,118.0983625,-1,-1,4.618575279970014,0.383186509617,0.453974265062,0.35008224241,0.35008224241,0.0981272208745,0.0981272208745,1800.921274606,1800.921274606,0.09812687124321974,0.09812687124321974,0.09812687124321974,0.09812687124321974,0.3107396003808327,0.3107396003808327,1.6282339174713343e-13,1.6282339174713343e-13,1.0806607744586913e-15,1.0806607744586913e-15,0.004103431844951732,0.004103431844951732,f,f,fail,fail,418.4876701404231,418.4876701404231,0.02575427209172075,0.02575427209172075,7.114669860592879e-10,7.114669860592879e-10,0.006289860842029391,0.006289860842029391,1.350825968073364e-15,1.350825968073364e-15,-0.09812687124321974,-0.09812687124321974,2.0502047779425696e-12,2.0502047779425696e-12,TIMEOUT,
vibra3,adaptive,legacy_adaptive,1.0,25,595,365924,1,True,1800,time_limit,,,,,,,,,,,,,,,,,,,1801.234704568,1800.233619,0.9792499655,112.100092,-1,-1,4.612747246630448,4.51449731819,54.9048820426,0.99902871133,7.03552928299,2.59953967916,31.6153514754,1801.234704568,1801.234704568,0.07642034485734774,2.5839814789871713,0.12011104979806303,31.426134141784406,0.9631730642532264,1.7216867926733213,3.3031297862386444e-09,2.8855910628789813e-05,1.2658934001061806e-15,1.2479148111223371e-14,0.07129480721893802,0.01266699804882211,f,f,fail,fail,5.393634795804605,471.5202091363933,0.021095658109466224,31.426134141784406,1.0687420652521957e-07,0.00013383198693934297,0.12011104979806303,0.025434486869581188,1.5823671720970986e-15,1.5598939298744325e-14,-0.07642034485734774,-0.7677147797663645,-1.8918891205210266e-09,-1.7808250432536998e-09,TIMEOUT,
vibra3,fixed,fixed,1.0,1,0,362386,1,True,1800,time_limit,,,,,,,,,,,,,,,,,,,1801.293591418,1800.238535,1.02791894429,116.301184,-1,-1,4.6461886142649,0.362202548618,0.362202548618,0.346014500047,0.346014500047,0.00181043610651,0.010081314626,1801.293591418,1801.293591418,0.0010703640995271392,0.0018299954373028882,0.013017665198387884,0.010002033636509096,0.2519508851386064,0.2527131046394524,4.440180685454585e-14,4.207174691156939e-14,4.2006204704347835e-16,1.9859066077388917e-15,0.0001871097408479647,0.00018714212821945874,f,f,fail,fail,128.87105097843113,128.73871976423075,0.013017665198387884,0.010002033636509096,1.6391207747255003e-11,1.801694171643658e-11,0.0008234742157546134,0.0008459242342399577,5.250776988249991e-16,2.4823839216423366e-15,0.0010461729505650394,0.0018299954373028882,-7.129209464668512e-13,-3.9850556812890375e-12,TIMEOUT,
mater-5,adaptive,legacy_adaptive,1.0,0.005,1012,890000,1,True,1800,strict_validated,,35.983116899,31000,35.983116899,31000,47.971946601,41351,47.971946601,41351,85.702678011,74000,407.053565651,351000,393.081568859,339000,1039.1074671640001,890000,47.9719568,1040.580888026,1039.107507,1.4136207067,53.6577229,41351,890000,1.1072461673303369,2.97405123674e-05,3.21632911212e-05,2.83325407904e-06,7.33994247095e-05,2.20604516575e-07,8.19854576183e-07,1040.580888026,1040.580888026,2.2060451657473607e-07,,8.19854576182839e-07,,2.445554969345701e-07,,3.382113517907848e-15,,5.129230373768223e-14,,8.260970731711862e-09,,clean,,pass,,-133.80163296647228,,2.9413935543298143e-07,,1.2024505594245715e-15,,8.19854576182839e-07,,5.129230373768223e-14,,-2.3514639894481585e-08,,5.386604990071214e-12,,STRICT_VALIDATED,
mater-5,fixed,fixed,1.0,1,0,1557925,1,True,1800,time_limit,,,,,,,,,,,,,,,,,,,1801.533468933,1800.356246,1.1756536770000001,98.77050111,-1,-1,1.0920245535516793,0.326140860866,0.434854481155,0.143537752481,0.168295671036,0.0354205483643,0.0354205483643,1801.533468933,1801.533468933,0.03539089840528832,0.03539089840528832,0.03539089840528832,0.03539089840528832,0.07311357946221929,0.07311357946221929,6.458244519261308e-13,6.458244519261308e-13,2.6950663922775678e-14,2.6950663922775678e-14,4.513191462995891e-06,4.513191462995891e-06,f,f,fail,fail,-123.9457725067657,-123.9457725067657,0.026437250357015014,0.026437250357015014,2.1872570438375004e-13,2.1872570438375004e-13,1.3219318058271366e-05,1.3219318058271366e-05,2.6950663922775678e-14,2.6950663922775678e-14,-0.03539089840528832,-0.03539089840528832,8.713209361216792e-10,8.713209361216792e-10,TIMEOUT,
shmup2,adaptive,legacy_adaptive,1.0,0.04,587,244662,1,True,1800,time_limit,,,,,,,,,,,,,,,,,,,1801.2026529539999,1800.341453,0.84342608991,149.9931215,-1,-1,6.744132330999502,0.371597335093,0.371597335093,0.35670711489,0.35670711489,0.29942176904,0.29942176904,1801.2026529539999,1801.2026529539999,0.0036848967937553982,0.29932763318302263,0.02789860350524779,0.29932763318302263,0.44156293903405386,0.44614033281045595,1.4413101822440738e-14,1.2504167938196546e-13,2.0444087376520735e-19,2.0318930909330384e-16,5.2031907993957674e-05,8.776194010055794e-05,f,f,fail,fail,1933.105994750104,1917.252525555281,0.02789860350524779,0.00034661654774686696,5.826444655957746e-11,2.721967982855924e-10,0.0024249941344466936,0.022944512927013633,2.8257475885502685e-18,2.808448670831849e-15,0.0035158750161069347,0.29932763318302263,-3.364659062868222e-13,2.9904033131029345e-14,TIMEOUT,
shmup2,fixed,fixed,1.0,1,0,246853,1,True,1800,time_limit,,,,,,,,,,,,,,,,,,,1801.273684361,1800.345359,0.90471702842,133.0632712,-1,-1,6.752865989609201,0.415393985767,0.415393985767,0.376032011271,0.376032011271,0.342276229821,0.342276229821,1801.273684361,1801.273684361,0.3410225449715889,0.3422753636449963,0.3410225449715889,0.3422753636449963,0.9175890793165086,0.9074982186016529,4.939432393733675e-12,6.36426048457465e-12,5.784960143326049e-17,3.7594146846022843e-17,0.0004182078257859154,0.00038838027941716596,f,f,fail,fail,284.4242077900628,319.37316724313297,1.2385841029950128e-05,1.2356081975414705e-05,1.1178890684052271e-10,8.010165787779161e-11,0.00643738255741729,0.006149235655136413,7.995875224851917e-16,5.196200145170417e-16,-0.3410225449715889,-0.3422753636449963,2.9111823637998957e-15,-1.9379550151296354e-13,TIMEOUT,
trto4,adaptive,legacy_adaptive,1.0,0.048828125,345,231000,1,True,1800,time_limit,,,,,,,,,,,,,,,,,,,1801.535143672,1800.428636,1.07150815047,131.7306461,-1,-1,7.222218345744588,1.19500754715,21.2956416444,2.42166959266,43.1553825326,3.50913044444,45.5180176575,1801.535143672,1801.535143672,0.15235044328899194,3.6580069360506036,2.5582977143897554,45.19982923132536,0.968213729688323,0.6985670524169124,1.48708424782746e-05,1.6947353836589764e-11,1.4152963828473797e-13,2.493173788676918e-13,0.032154798827551526,0.05191503930504436,f,f,fail,fail,404.8095915405254,3847.3401838627146,2.5582977143897554,45.19982923132536,6.560409134776261e-05,6.260906203592782e-07,0.20024897289161125,4.7148554425076625,1.7691204785592248e-13,3.116467235846148e-13,-0.05354595160163338,0.5839709356702316,-1.5179318775092341e-09,-5.387231418970678e-10,TIMEOUT,
trto4,fixed,fixed,1.0,1,0,231182,1,True,1800,time_limit,,,,,,,,,,,,,,,,,,,1801.458497838,1800.411061,1.01866424968,141.8996175,-1,-1,7.172512311295862,0.666625910932,0.666625910932,0.627808612498,0.627808612498,0.605786570934,0.605786570934,1801.458497838,1801.458497838,0.5222851824677351,0.6057569940247612,1.950252597273334,0.6057569940247612,0.9995468799265226,0.9387221835179991,1.4537203237662943e-06,1.5584571119080885e-13,9.824623652577415e-16,7.972952880060936e-14,0.05578633793824678,0.01758982610362007,f,f,fail,fail,4.784902416473974,781.3228530187394,1.950252597273334,0.22587120558193577,1.649115311596348e-05,1.058194590269899e-09,0.07635164270787391,0.022623577247542655,1.228077956572177e-15,9.966191100076169e-14,-0.5222851824677351,-0.6057569940247612,-7.007878256673654e-07,-8.938272214944001e-13,TIMEOUT,
mater-6,adaptive,legacy_adaptive,1.0,0.00125,950,827123,1,True,1800,time_limit,,126.871691043,58000,126.871691043,58000,188.57580682399998,86415,188.57580682399998,86415,286.55708511399996,131000,1510.707387967,695000,897.719129688,412000,,,188.5758177,1801.806225633,1800.589883,1.2128920631999998,95.80220667,86415,-1,2.0605320800763613,0.020441147542,0.028592755866,7.19368271316e-06,0.000193350532782,4.3965448797e-07,6.58450376559e-06,1801.806225633,1801.806225633,4.396544879701129e-07,4.39584675081861e-07,6.5845037655942286e-06,1.5634013250254477e-05,1.1270861361766497e-08,1.1251961819757531e-08,1.6347069989419926e-15,1.2333718690057247e-15,5.709321904134868e-14,4.9960036108327366e-14,2.609648599946554e-08,2.7699863722473284e-08,clean,clean,pass,pass,-133.53869848363297,-133.5386984861757,5.862059839601505e-07,5.86112900109148e-07,5.713392483617433e-16,4.496145022715278e-16,6.5845037655942286e-06,1.5634013250254477e-05,5.709321904134868e-14,4.9960036108327366e-14,-4.6101198013429205e-08,-4.612553460036437e-08,5.614249181852267e-12,2.8118946002933057e-12,PRACTICAL_VALIDATED,
mater-6,fixed,fixed,1.0,1,0,817549,1,True,1800,time_limit,,,,,,,,,,,,,,,,,,,1802.2754130679998,1800.596513,1.6661553672,93.95936402,-1,-1,2.0869181837272137,0.598817632555,0.798423510073,0.274079261497,0.365439015329,0.112191405919,0.112955739178,1802.2754130679998,1802.2754130679998,0.11214960352127841,0.11214960352127841,0.11289231447803948,0.11289231447803948,0.25177697305919877,0.25177697305919877,4.729436748385157e-13,4.729436748385157e-13,2.892801154410078e-14,2.892801154410078e-14,1.359537639100683e-05,1.359537639100683e-05,f,f,fail,fail,-99.66495335468038,-99.66495335468038,0.11289231447803948,0.11289231447803948,1.6042398066801572e-13,1.6042398066801572e-13,3.987686058773806e-05,3.987686058773806e-05,2.892801154410078e-14,2.892801154410078e-14,-0.11214960352127841,-0.11214960352127841,8.33354935157599e-10,8.33354935157599e-10,TIMEOUT,
buck4,adaptive,legacy_adaptive,1.0,3.125,278,126034,1,True,1800,time_limit,,,,,,,,,,,,,,,,,,,1801.817588403,1800.708653,1.05482725029,84.6983339,-1,-1,13.610450166447148,0.276711109301,0.825315467138,0.840303798176,5.48355545805,1.17021152958,20.8537640131,1801.817588403,1801.817588403,0.11609478149077375,1.1666056750454918,2.068867991101657,20.789505853292543,0.9789932067927755,0.6860711836295929,2.937944432260423e-07,2.1438599618221804e-09,6.771823398607022e-15,2.6191205724087414e-14,0.030568425913333287,0.023637588574732447,f,f,fail,fail,9.233293357233087,151.92794285719452,2.068867991101657,20.789505853292543,3.5323479112861365e-06,7.205501283656127e-07,0.10712823743418047,0.0664372787363938,8.464779248258778e-15,3.273900715510927e-14,-0.08323624944292622,0.8730298922378266,-1.623369451079556e-07,-8.409701722091788e-11,TIMEOUT,
buck4,fixed,fixed,1.0,1,0,125401,1,True,1800,time_limit,,,,,,,,,,,,,,,,,,,1801.624053542,1800.743597,0.8319021823799999,93.18489432,-1,-1,13.611876259328072,0.393633455749,0.63771596321,0.38646090601,0.38646090601,0.389500551525,0.389500551525,1801.624053542,1801.624053542,0.38570604459490104,0.38949916148965136,0.38570604459490104,0.38949916148965136,0.8648663065266076,0.7290628865971325,5.634654581165786e-11,5.409794472256982e-12,2.5115781998389127e-14,3.831642861997107e-14,0.012620895765752357,0.008556116832794131,f,f,fail,fail,64.82931121938469,130.98487439101103,0.2260694995958183,0.08668140545530063,6.999082649369487e-09,1.0991635857804911e-09,0.01883455536007611,0.012088172397935805,3.139472749798641e-14,4.789553577496383e-14,-0.38570604459490104,-0.38949916148965136,-5.631499292825422e-12,-7.23176124998266e-13,TIMEOUT,
vibra4,adaptive,legacy_adaptive,1.0,0.006103515625,270,127266,1,True,1800,time_limit,,,,,,,,,,,,,,,,,,,1801.750508697,1800.687172,1.02581130995,84.95008911,-1,-1,13.476673545149529,0.292101640372,0.384707018654,0.659982028661,0.659982028661,0.963401636453,2.43800857974,1801.750508697,1801.750508697,0.10342080497500471,0.9523395440896159,0.4277316475698077,2.04031295107042,0.7706736812565966,0.9856532443680043,2.8333711360084034e-08,5.458918810711331e-10,1.9030920117833214e-14,1.262243135224121e-13,0.020725719958063122,0.05373621645772872,f,f,fail,fail,37.20881474269031,1.3903603001404,0.4277316475698077,2.04031295107042,7.948407105825869e-08,1.857847875748026e-09,0.14523799062862003,0.0921632192588921,2.3788656490930145e-14,1.5778043397777694e-13,-0.10177973029540271,0.9523395440896159,-3.049538938877896e-10,-9.905486328520415e-12,TIMEOUT,
vibra4,fixed,fixed,1.0,1,0,127863,1,True,1800,time_limit,,,,,,,,,,,,,,,,,,,1801.655941915,1800.686041,0.92668171761,85.14726453,-1,-1,13.412169477432878,0.35024909139,0.466319411525,0.350641586331,0.350641586331,0.364203183162,0.364203183162,1801.655941915,1801.655941915,0.343624879393599,0.3642190770826117,0.343624879393599,0.3642190770826117,0.8730113938905978,0.5428675728302754,7.600717327930136e-08,6.085419258877684e-11,4.066005317271203e-15,9.4923432744656e-15,0.014174407828625116,0.006306125526054685,f,f,fail,fail,20.157990726287675,75.16434222775747,0.341539913693701,0.0538968101477193,6.706408511088846e-08,9.209643596757734e-10,0.0193575945889883,0.008482155427982996,5.082508001923809e-15,1.186543225719572e-14,-0.343624879393599,-0.3642190770826117,-1.2209577815508704e-10,-8.8703370124414e-13,TIMEOUT,
shmup3,adaptive,legacy_adaptive,1.0,100,293,91113,1,True,1800,time_limit,,,,,,,,,,,,,,,,,,,1802.176248315,1801.165706,0.9393342517600001,101.1327404,-1,-1,18.64693211434153,0.0499963044868,0.0499963044868,0.317997843159,0.317997843159,0.29438373866,0.29438373866,1802.176248315,1802.176248315,0.04999630448677865,0.2943901004573338,0.04999630448677865,0.2943901004573338,0.982969439982326,0.7436885052906484,1.5099605316560978e-09,1.0150572008983365e-11,4.091590413086322e-17,6.615007910416798e-17,0.0005094572295475039,8.688408124391775e-05,f,f,fail,fail,34.761417086392576,537.2126164274955,0.0119433794026138,0.0049762214930030284,5.4784524694272895e-08,7.26635305068762e-09,0.04195114173507143,0.0019119790854442767,8.005569366991707e-16,1.2942865571457502e-15,-0.04999630448677865,-0.2943901004573338,-3.6886685663577834e-09,-6.1834362311718e-13,TIMEOUT,
shmup3,fixed,fixed,1.0,1,0,90624,1,True,1800,time_limit,,,,,,,,,,,,,,,,,,,1802.2378206199999,1801.166203,1.00663527612,105.7582037,-1,-1,18.696576630451098,0.435699670603,0.435699670603,0.369975149623,0.369975149623,0.33201048165,0.33201048165,1802.2378206199999,1802.2378206199999,0.3298320669282712,0.33201101052729853,0.3298320669282712,0.33201101052729853,0.96737413365141,0.9545373402502078,1.223267189097802e-11,1.3270088592988085e-10,2.4890179319703138e-17,3.283096649981939e-17,0.0004394847748830618,0.00035517411650333095,f,f,fail,fail,67.50903394169075,94.46422052368406,2.9105021444625172e-05,1.740703798083037e-05,8.190681707470477e-10,2.687536872943038e-10,0.009216673080960738,0.007464644348658946,4.869990321207208e-16,6.423677669667568e-16,-0.3298320669282712,-0.33201101052729853,-2.274656864487161e-12,-3.254201276271883e-13,TIMEOUT,
trto5,adaptive,legacy_adaptive,1.0,0.048828125,196,72958,1,True,1800,time_limit,,,,,,,,,,,,,,,,,,,1803.491284974,1802.367082,1.04521127741,78.20924678,-1,-1,23.606611565777566,0.439486805531,0.631180563027,1.36612778679,39.8030102951,0.273766147624,3.50239826114,1803.491284974,1803.491284974,0.16716332872563813,0.31034205064333986,4.817090583354107,3.2339963545017065,0.9718458522581095,0.9717775618979976,5.903955540965009e-11,4.4747611896162025e-10,2.177206543796655e-13,4.311107329735101e-13,0.01890739299444602,0.021682148614496476,f,f,fail,fail,359.40124524394025,360.2754301437331,4.817090583354107,3.2339963545017065,4.836313661890112e-07,2.1429063718611862e-06,0.18793054833988584,0.18488102170053922,2.7215081797458186e-13,5.388884162168876e-13,-0.16716332872563813,-0.31034205064333986,-3.8391581939779586e-10,-6.583309935127573e-10,TIMEOUT,
trto5,fixed,fixed,1.0,1,0,74001,1,True,1800,time_limit,,,,,,,,,,,,,,,,,,,1804.0659982729999,1802.88114,1.09737051338,77.30300459,-1,-1,23.292383285077225,0.546583119658,0.930823126591,0.61409231935,0.61409231935,0.6221022953,0.6221022953,1804.0659982729999,1804.0659982729999,0.48547898782127635,0.6219101429806944,1.7150413674920946,0.6219101429806944,0.9995570839171624,0.9920475332689063,2.4662656790408927e-08,1.363567090374974e-12,2.0556436723288138e-15,1.532409381557184e-14,0.027312006682378615,0.012417179441637264,f,f,fail,fail,4.669768776404666,100.79952662472992,1.7150413674920946,0.39150277791041765,5.380362565408274e-07,1.7188587980195506e-09,0.03693566708105444,0.016114290039490532,2.569554590411017e-15,1.91551172694648e-14,-0.48547898782127635,-0.6219101429806944,-1.4752971059369941e-08,-6.922614699715869e-13,TIMEOUT,
shmup4,adaptive,legacy_adaptive,1.0,100,217,51773,1,True,1800,time_limit,,,,,,,,,,,,,,,,,,,1805.019055587,1803.889734,0.9855475373,49.95459207,-1,-1,33.81158031811948,0.542596373037,0.542596373037,0.402069219892,0.402069219892,0.299007691038,0.299007691038,1805.019055587,1805.019055587,0.20174115113712443,0.2992812516307593,0.20174115113712443,0.2992812516307593,0.9911916283836688,0.89987479976182,1.1728188629908427e-09,5.720772908693168e-10,1.398037624618671e-17,5.95983006255848e-17,0.0003386609377238753,7.525750860807639e-05,f,f,undecidable (reference uncertainty 2.0e-06),undecidable (reference uncertainty 2.0e-06),69.41001799977863,799.3541923606992,0.012810975976261572,0.008615052859598354,1.2077887113180752e-08,2.0837815135299863e-08,0.022213599055403953,0.002247341919496258,3.879465184609998e-16,1.6538148063214054e-15,-0.20174115113712443,-0.2992812516307593,-4.727189496435126e-10,-2.3921475178381715e-12,TIMEOUT,
shmup4,fixed,fixed,1.0,1,0,59175,1,True,1800,time_limit,,,,,,,,,,,,,,,,,,,1805.302161947,1803.916724,1.2531054138100002,57.46792532,-1,-1,29.455858411406844,0.465562398566,0.465562398566,0.426536633396,0.426536633396,0.379904487876,0.379904487876,1805.302161947,1805.302161947,0.37357013875104017,0.37357013875104017,0.37357013875104017,0.37357013875104017,0.9822505702586712,0.9822505702586712,6.22618172677769e-12,6.22618172677769e-12,1.291904727745652e-17,1.291904727745652e-17,0.00026620986407218343,0.00026620986407218343,f,f,undecidable (reference uncertainty 2.0e-06),undecidable (reference uncertainty 2.0e-06),140.88067011792253,140.88067011792253,0.00023804975826287127,0.00023804975826287127,3.778241621985093e-10,3.778241621985093e-10,0.007812363254947209,0.007812363254947209,3.5849531692606357e-16,3.5849531692606357e-16,-0.37357013875104017,-0.37357013875104017,-1.1558892225951505e-12,-1.1558892225951505e-12,TIMEOUT,
buck5,adaptive,legacy_adaptive,1.0,0.01,179,37497,1,True,1800,time_limit,,,,,,,,,,,,,,,,,,,1805.408778087,1804.329717,0.92204709885,125.1596435,-1,-1,44.683736145478306,0.283531615528,0.588116648111,5.80973100606,169.270243444,0.818945210795,1.6014486541,1805.408778087,1805.408778087,0.1855220939937664,0.8185503876158562,1.5684022788643874,1.5676060909713991,0.9921559847594096,0.9674016876914131,3.2384283132069155e-05,5.992276199465977e-07,4.066954115330353e-15,2.5940313745703263e-13,0.026855927668530417,0.014183196310228652,f,f,fail,fail,2.429709379780504,13.253253475494205,1.5684022788643874,1.5676060909713991,2.430241374736602e-05,1.6146143652520866e-06,0.06782018130912386,0.6750543033431528,5.083692644162942e-15,3.242539218212908e-13,-0.1855220939937664,0.8185503876158562,-1.8411011325379522e-07,-1.1301919713863484e-09,TIMEOUT,
buck5,fixed,fixed,1.0,1,0,37569,1,True,1800,time_limit,,,,,,,,,,,,,,,,,,,1805.730986841,1804.372991,1.1963913849799999,121.2573598,-1,-1,44.70189239875962,0.391035476519,2.70327836063,0.346168454538,0.619925562083,0.411785080111,0.411785080111,1805.730986841,1805.730986841,0.33666898747078533,0.41197541872793425,0.9498789952589485,0.41197541872793425,0.9783852905327765,0.9434491558803314,2.2036213927782545e-09,8.658774947111107e-12,3.466855904256533e-15,9.431049886643538e-15,0.011638727540748649,0.0064775772448464036,f,f,fail,fail,8.450793952739335,23.72623453203976,0.9498789952589485,0.2453661430290478,7.222001350499637e-08,1.976041050432071e-09,0.022141343342288164,0.013462721967652797,4.333569880320666e-15,1.1788812358304423e-14,-0.33666898747078533,-0.41197541872793425,-3.083920243661808e-10,-2.730740084759277e-12,TIMEOUT,
vibra5,adaptive,legacy_adaptive,1.0,0.02,189,38091,1,True,1800,time_limit,,,,,,,,,,,,,,,,,,,1805.943914056,1804.400471,1.37793220242,127.4324281,-1,-1,43.92769810884461,0.274041719017,0.526339462826,0.282413867404,0.459656211619,0.838157835227,6.02079348754,1805.943914056,1805.943914056,0.2407729923726073,0.8297271131833842,0.6687065893318533,6.013585434990397,0.9683924938768802,0.8844711129213901,5.220478952706035e-06,1.4624132055207912e-10,4.034833194833251e-15,1.0412047447752168e-13,0.019568876938322925,0.012110174975836606,f,f,fail,fail,4.275384433716459,18.282106287192494,0.6687065893318533,6.013585434990397,3.9700261272036595e-06,1.2603110297655136e-08,0.06477336810219,0.23531659036525807,5.0435428384856626e-15,1.301506278037192e-13,-0.2407729923726073,0.8297271131833842,-2.061223334126155e-08,-7.794307617831111e-11,TIMEOUT,
vibra5,fixed,fixed,1.0,1,0,38250,1,True,1800,time_limit,,,,,,,,,,,,,,,,,,,1805.5776535609998,1804.376372,1.04585738889,122.6234393,-1,-1,43.87012603518954,0.392406424465,2.79142365962,0.317847320286,0.703774957681,0.318514715036,0.318514715036,1805.5776535609998,1805.5776535609998,0.3115042040808183,0.3185319931986077,0.43797642314380775,0.3185319931986077,0.9164363317750442,0.880776862238885,6.958312247240996e-08,8.642925802565752e-10,6.551634880678312e-15,5.64085389957447e-15,0.00772425334038042,0.005858069116761634,f,f,fail,fail,12.947018561382965,18.89868743942961,0.43797642314380775,0.20908419823672347,6.141559571257491e-08,2.6210936740673146e-09,0.010535814302000157,0.007848261641647324,8.189545784725697e-15,7.051069254752302e-15,-0.3115042040808183,-0.3185319931986077,-1.8161564886932783e-11,-2.87552640974361e-12,TIMEOUT,
shmup5,adaptive,legacy_adaptive,1.0,50,151,18613,1,True,1800,time_limit,,,,,,,,,,,,,,,,,,,1822.095540478,1820.343941,1.1208697409,15.38913392,-1,-1,96.09379330038145,,,0.41301147765,0.41301147765,0.326664915265,0.326664915265,1822.095540478,1822.095540478,0.31134061727560985,0.31134061727560985,0.31134061727560985,0.31134061727560985,0.9716800286158429,0.9716800286158429,5.268650735497709e-09,5.268650735497709e-09,5.285355947367403e-17,5.285355947367403e-17,0.00014884063861110022,0.00014884063861110022,f,f,undecidable (reference uncertainty 1.8e-06),undecidable (reference uncertainty 1.8e-06),674.7107506697943,674.7107506697943,0.039714697781031066,0.039714697781031066,6.947025885942382e-08,6.947025885942382e-08,0.006560580998862457,0.006560580998862457,2.1381394534013053e-15,2.1381394534013053e-15,-0.31134061727560985,-0.31134061727560985,-2.1774262257776124e-11,-2.1774262257776124e-11,TIMEOUT,
shmup5,fixed,fixed,1.0,1,0,54504,1,True,1800,time_limit,,,,,,,,,,,,,,,,,,,1821.773153484,1820.0188,1.1152989287,41.19948185,-1,-1,32.33966542510642,,,0.399479594994,0.399479594994,0.378597463541,0.378597463541,1821.773153484,1821.773153484,0.3663777153650643,0.3663777153650643,0.3663777153650643,0.3663777153650643,0.991489836642033,0.991489836642033,4.479735526613572e-12,4.479735526613572e-12,1.9105049209391483e-17,1.9105049209391483e-17,0.0003571932623830369,0.0003571932623830369,f,f,undecidable (reference uncertainty 1.8e-06),undecidable (reference uncertainty 1.8e-06),202.05136586936433,202.05136586936433,0.00030491374824416744,0.00030491374824416744,6.80849106964108e-10,6.80849106964108e-10,0.015159869914577791,0.015159869914577791,7.728762240529906e-16,7.728762240529906e-16,-0.3663777153650643,-0.3663777153650643,-1.3789139491174337e-12,-1.3789139491174337e-12,TIMEOUT,
