run_id,stage,dataset,config,policy,sigma_initial,rep,time_limit_s,validate_interval,outcome,exit_code,wall_s,host,gpu,sigma_final,sigma_changes,sigma_log_entries,iterations,stop_reason,solve_time_s,init_time_s,load_s,cuda_init_s,end_to_end_s,validation_time_s,validation_count,validation_s_per_snapshot,iter_time_s,y_solves_per_iteration,plain_admm_only_build,practical_validated,first_practical_iteration,first_practical_time_s,strict_validated,first_strict_iteration,first_strict_time_s,returned_best_external,peak_gpu_mem_mib,lobpcg_calls,lobpcg_fallbacks,aat_tiny_pivots,aat_nonpositive_pivots,aat_nnz_L,eta_0.001_iter,eta_0.001_time_s,eta_0.0001_iter,eta_0.0001_time_s,eta_1e-05_iter,eta_1e-05_time_s,eta_1e-06_iter,eta_1e-06_time_s,dimacs_0.001_iter,dimacs_0.001_time_s,dimacs_0.0001_iter,dimacs_0.0001_time_s,dimacs_1e-05_iter,dimacs_1e-05_time_s,dimacs_1e-06_iter,dimacs_1e-06_time_s,eta_at_60s,dimacs_at_60s,eta_at_300s,dimacs_at_300s,eta_at_1800s,dimacs_at_1800s,sigma_check_ok,returned_status,returned_eta,returned_eta_p,returned_eta_d,returned_eta_g,returned_max_abs_dimacs,returned_X_cone,returned_S_cone,returned_Z_cone,returned_objective_error,returned_objective_check,returned_sdpa_objective,returned_plato_class,returned_min_eig_X,returned_min_eig_S,returned_dimacs1,returned_dimacs2,returned_dimacs3,returned_dimacs4,returned_dimacs5,returned_dimacs6,final_status,final_eta,final_eta_p,final_eta_d,final_eta_g,final_max_abs_dimacs,final_X_cone,final_S_cone,final_Z_cone,final_objective_error,final_objective_check,final_sdpa_objective,final_plato_class,final_min_eig_X,final_min_eig_S,final_dimacs1,final_dimacs2,final_dimacs3,final_dimacs4,final_dimacs5,final_dimacs6,validator_diff_max_abs_dimacs,status,notes
stage1_buck1_adaptive_r1,stage1,buck1,adaptive,legacy_adaptive,1.0,1,120,100,completed,0,122.32370686531067,holygpu8a12501.rc.fas.harvard.edu,NVIDIA H200,50,447,447,230306,time_limit,120.0835535,0.05930787325,0.02166403,0.651635475,120.820096705,0.535427495,2304,0.0002323904058159722,0.0005187199486769775,1,True,False,-1,-1,False,-1,-1,True,6566.0625,0,0,0,0,271,,,,,,,,,,,,,,,,,0.999024203087,2.86348044876,0.934304014943,1.59962903195,0.934304014943,1.59962903195,True,NOT_VALIDATED,0.0606855351008447,0.03149901937434875,0.04393020273388478,0.0606855351008447,0.11024656781022063,3.491574606651159e-10,7.477177501297935e-16,0.010519313979728316,0.04784879033044345,fail,153.47303039148173,f,-2.1286439374991862e-07,-1.8692943753244838e-15,0.11024656781022063,1.0643219687495931e-07,0.07378215922617463,9.346471876622419e-16,0.0606855351008447,-1.036004007580906e-09,NOT_VALIDATED,0.93430401494288,0.4570368662704318,7.994301130665424e-09,0.93430401494288,1.5996290319465112,1.1479984234876372e-12,4.11445883996616e-14,8.549087049192157e-10,0.806759373405362,fail,27.487378580080257,f,-8.945608356795362e-12,-1.02861470999154e-13,1.5996290319465112,4.472804178397681e-12,1.5042445058570045e-08,5.1430735499577e-14,0.93430401494288,3.012585694557123e-09,1.0220629897972344e-11,TIMEOUT,
stage1_buck1_fixed_r1,stage1,buck1,fixed,fixed,1.0,1,120,100,completed,0,70.3570773601532,holygpu8a12501.rc.fas.harvard.edu,NVIDIA H200,1,0,0,119900,strict_validated,68.54753893,0.05949606374,0.079628622,0.630544013,69.32794759500001,0.293156647,1201,0.00024409379433805163,0.0005692562129858216,1,True,True,69440,39.73647117,True,119900,68.54751638,False,6566.0625,0,0,0,0,271,49400,28.292958974,69440,39.736464937,89600,51.252943422,109700,62.723034941,50800,29.091706235,70800,40.512212637000005,99800,57.074575092,119900,68.547508866,4.34682416874e-06,1.15976841416e-05,2.73929152155e-07,9.58752032543e-07,2.73929152155e-07,9.58752032543e-07,True,STRICT_VALIDATED,2.7392915215509794e-07,2.7392915215509794e-07,8.632770438325217e-08,2.1113076889108278e-07,9.587520325428428e-07,1.556019158743551e-15,7.419620411620393e-16,7.40779376665095e-08,9.357124304398145e-07,pass,146.4190620580221,clean,-9.632968872811402e-13,-1.8549051029050983e-15,9.587520325428428e-07,4.816484436405701e-13,1.4737399343482167e-07,9.274525514525492e-16,-2.1113076889108278e-07,1.6669331108598504e-11,,,,,,,,,,,,,,,,,,,,,,4.28427147138857e-17,STRICT_VALIDATED,
stage1_buck2_adaptive_r1,stage1,buck2,adaptive,legacy_adaptive,1.0,1,120,100,completed,0,121.57199025154114,holygpu8a12501.rc.fas.harvard.edu,NVIDIA H200,0.0025,194,194,59765,time_limit,120.0868169,0.06091712043,0.02226095,0.650119729,120.828500979,0.867784029,598,0.0014511438612040133,0.0019933817575671377,1,True,False,-1,-1,False,-1,-1,True,6572.0625,0,0,0,0,1429,,,,,,,,,,,,,,,,,3.05047754116,19.8281040175,0.43317282672,0.43317282672,0.43317282672,0.43317282672,True,NOT_VALIDATED,0.12296190656709653,0.08133165682814922,0.12296190656709653,0.026972185637028922,0.5286557693829699,2.529134941281602e-05,9.231430915346453e-15,0.02786547788268398,0.7227015989910411,fail,80.35056049671651,f,-5.2079222713443256e-05,-2.3078577288366133e-14,0.5286557693829699,2.6039611356721628e-05,0.17924610157651724,1.1539288644183067e-14,0.026972185637028922,-4.422182410650026e-08,NOT_VALIDATED,0.43317282672012825,0.00033451500665580635,0.1001447389088342,0.43317282672012825,0.43317282672012825,2.7497382157119007e-10,3.48935743048778e-15,0.08573586713670096,0.8724417467643574,fail,36.421547902709975,f,-5.501032285596002e-08,-8.72339357621945e-15,0.0021743475432627413,2.750516142798001e-08,0.15207966736592807,4.361696788109725e-15,-0.43317282672012825,-4.520293393011556e-11,1.7030155063935126e-11,TIMEOUT,
stage1_buck2_fixed_r1,stage1,buck2,fixed,fixed,1.0,1,120,100,completed,0,121.92225527763367,holygpu8a12501.rc.fas.harvard.edu,NVIDIA H200,1,0,0,61005,time_limit,120.0903773,0.06154636666,0.095589011,0.914092929,121.17579674000001,0.913148066,611,0.0014945140196399346,0.001952120241242521,1,True,False,-1,-1,False,-1,-1,True,6572.0625,0,0,0,0,1429,,,,,,,,,,,,,,,,,0.109728843184,0.109728843184,0.165801420126,0.165801420126,0.165801420126,0.165801420126,True,NOT_VALIDATED,0.016540099501386674,0.009631145682425964,0.016540099501386674,0.016041752020971765,0.06260244693576876,1.1673751223429812e-10,2.682942941311695e-15,0.009544351015878173,0.48159027637027113,fail,151.08497932472338,f,-6.490078203891225e-08,-6.707357353279238e-15,0.06260244693576876,3.245039101945613e-08,0.028842995888562723,3.353678676639619e-15,0.016041752020971765,-3.7126585165151784e-11,NOT_VALIDATED,0.16580142012595975,0.0015676452514617853,0.008789651994749317,0.16580142012595975,0.16580142012595975,6.816628677659092e-13,4.318452209944866e-16,0.007204042321417291,0.32838291070282116,fail,196.03116373806154,f,-1.6328283346770478e-09,-1.0796130524862165e-15,0.010189694134501605,8.164141673385239e-10,0.01249531619514611,5.398065262431082e-16,-0.16580142012595975,-7.468735432892662e-13,4.231240358087973e-12,TIMEOUT,
stage1_buck3_adaptive_r1,stage1,buck3,adaptive,legacy_adaptive,1.0,1,120,200,completed,0,122.02632284164429,holygpu8a12501.rc.fas.harvard.edu,NVIDIA H200,0.04,175,175,25501,time_limit,120.2352866,0.0669702068,0.157438459,0.788125149,121.270064608,2.018467193,128,0.0157692749453125,0.004627281491863064,1,True,False,-1,-1,False,-1,-1,True,6592.0625,0,0,0,0,8797,,,,,,,,,,,,,,,,,10.4671826391,127.300868206,0.93326361905,1.36835681013,0.93326361905,1.36835681013,True,NOT_VALIDATED,0.3926345323521379,0.12176421533922797,0.17069640745319378,0.3926345323521379,1.4808846719828592,2.4398406734670427e-07,2.0853086918540576e-14,0.04877818827731746,0.9109242515498814,fail,53.211990423358706,f,-2.9754983237380457e-05,-5.213271729635144e-14,1.4808846719828592,1.4877491618690229e-05,0.31891075911455646,2.606635864817572e-14,-0.3926345323521379,-1.444630781487851e-07,NOT_VALIDATED,0.9332636190496173,0.08524447291343111,0.9332636190496173,0.881363433919945,1.3683568101330545,3.0919937596988e-09,3.8144016595543625e-15,0.09023281282132352,0.7566007919493387,fail,147.13409671527677,f,-2.964625591712753e-07,-9.536004148885907e-15,1.0367350781760356,1.4823127958563766e-07,1.3683568101330545,4.7680020744429536e-15,0.881363433919945,-6.399219905096389e-10,1.7140733277187792e-11,TIMEOUT,
stage1_buck3_fixed_r1,stage1,buck3,fixed,fixed,1.0,1,120,200,completed,0,121.73497319221497,holygpu8a12501.rc.fas.harvard.edu,NVIDIA H200,1,0,0,25551,time_limit,120.2325867,0.06344051659,0.024468314,0.640703507,120.977610821,1.888865047,128,0.0147567581796875,0.004623310715157919,1,True,False,-1,-1,False,-1,-1,False,6592.0625,0,0,0,0,8797,,,,,,,,,,,,,,,,,0.381782840821,0.439521506929,0.36252504959,0.36252504959,0.36252504959,0.36252504959,True,NOT_VALIDATED,0.36252504958988313,0.017760272440129034,0.02065939641647295,0.36252504958988313,0.36252504958988313,6.151837403187293e-11,3.82022896725716e-14,0.019364016314499532,0.6850487750634051,fail,190.68104772814877,f,-3.711539045789221e-08,-9.5505724181429e-14,0.21599872469554285,1.8557695228946105e-08,0.029710725474885676,4.77528620907145e-14,-0.36252504958988313,-4.92297476601352e-12,NOT_VALIDATED,0.36252504958988313,0.017760272440129034,0.02065939641647295,0.36252504958988313,0.36252504958988313,6.151837403187293e-11,3.82022896725716e-14,0.019364016314499532,0.6850487750634051,fail,190.68104772814877,f,-3.711539045789221e-08,-9.5505724181429e-14,0.21599872469554285,1.8557695228946105e-08,0.029710725474885676,4.77528620907145e-14,-0.36252504958988313,-4.92297476601352e-12,1.0116851800745508e-11,TIMEOUT,
stage1_buck4_adaptive_r1,stage1,buck4,adaptive,legacy_adaptive,1.0,1,120,200,completed,0,122.82268404960632,holygpu8a12501.rc.fas.harvard.edu,NVIDIA H200,0.048828125,145,145,8588,time_limit,120.6974933,0.06993465126,0.033578684,0.904390451,121.751529635,3.334052226,43,0.07753609827906977,0.013593985529692595,1,True,False,-1,-1,False,-1,-1,True,6672.0625,0,0,0,0,27247,,,,,,,,,,,,,,,,,0.296921094851,1.66054918205,1.10915495482,18.1794130014,1.10915495482,18.1794130014,True,NOT_VALIDATED,0.14919580146662606,0.056317908249997016,0.14919580146662606,0.12842106159145833,1.0036137387749713,1.6697274333149758e-07,5.825790956698151e-15,0.03179918831273404,0.9757765285682203,fail,10.800272742567168,f,-4.341536808885583e-06,-1.4564477391745377e-14,1.0036137387749713,2.1707684044427913e-06,0.28661413171285527,7.282238695872688e-15,-0.12842106159145833,-2.327990057820894e-07,NOT_VALIDATED,1.1091549548166852,1.0201399940018159,1.1091549548166852,0.4692220966968923,18.17941300144246,1.939734180689944e-09,1.4755977513953783e-13,0.04456864318740471,0.6828056807176714,fail,153.51870680326402,f,-1.0020431129230478e-06,-3.688994378488446e-13,18.17941300144246,5.010215564615239e-07,1.9613211522060185,1.844497189244223e-13,0.4692220966968923,-8.206425523022783e-09,2.250286623706188e-10,TIMEOUT,
stage1_buck4_fixed_r1,stage1,buck4,fixed,fixed,1.0,1,120,200,completed,0,122.82512712478638,holygpu8a12501.rc.fas.harvard.edu,NVIDIA H200,1,0,0,8555,time_limit,120.7090606,0.07057234645,0.029097977,0.898843062,121.752556539,3.356964567,43,0.07806894341860465,0.013644717472004674,1,True,False,-1,-1,False,-1,-1,True,6672.0625,0,0,0,0,27247,,,,,,,,,,,,,,,,,0.394160872458,0.631665206999,0.398583494283,0.554430484999,0.398583494283,0.554430484999,True,NOT_VALIDATED,0.3910079501271073,0.042977795837594174,0.023944233170186253,0.3910079501271073,0.7658861577991504,2.2463579891176022e-09,6.911725539644587e-15,0.021540921469076938,0.941162664992099,fail,27.662142934152428,f,-2.642601847924741e-07,-1.7279313849111467e-14,0.7658861577991504,1.3213009239623706e-07,0.038350004608492826,8.639656924555733e-15,-0.3910079501271073,-5.940913454537209e-10,NOT_VALIDATED,0.39858349428264733,0.031111934780082746,0.018089630413711595,0.39858349428264733,0.554430484998767,3.40408764020891e-10,1.8361650392816964e-14,0.01703937123543333,0.9153017870559592,fail,40.2600653198072,f,-5.4568437843351795e-08,-4.590412598204241e-14,0.554430484998767,2.7284218921675897e-08,0.027370621684543895,2.2952062991021204e-14,-0.39858349428264733,-5.5901217781594347e-11,8.496536807456323e-13,TIMEOUT,
stage1_buck5_adaptive_r1,stage1,buck5,adaptive,legacy_adaptive,1.0,1,120,500,completed,0,129.93146538734436,holygpu8a12501.rc.fas.harvard.edu,NVIDIA H200,0.5,81,81,2604,time_limit,124.4139367,0.09669734538,0.041075399,0.884591957,125.591591456,3.940070148,6,0.6566783580000001,0.04483132000729646,1,True,False,-1,-1,False,-1,-1,False,7222.0625,0,0,0,0,107950,,,,,,,,,,,,,,,,,0.290388248988,1.38438138272,0.24590959153,0.652588262353,0.24590959153,0.652588262353,True,NOT_VALIDATED,0.24590959153004527,0.022398279726197557,0.027728307424721283,0.24590959153004527,0.652588262352913,3.1536570727530687e-07,3.1174101674715827e-15,0.018000478855440177,0.9880148198951414,fail,4.24038816386825,f,-2.4856512476065066e-06,-7.793525418678956e-15,0.652588262352913,1.2428256238032533e-06,0.048126812861730074,3.896762709339478e-15,-0.24590959153004527,-6.443928076179712e-08,NOT_VALIDATED,0.24590959153004527,0.022398279726197557,0.027728307424721283,0.24590959153004527,0.652588262352913,3.1536570727530687e-07,3.1174101674715827e-15,0.018000478855440177,0.9880148198951414,fail,4.24038816386825,f,-2.4856512476065066e-06,-7.793525418678956e-15,0.652588262352913,1.2428256238032533e-06,0.048126812861730074,3.896762709339478e-15,-0.24590959153004527,-6.443928076179712e-08,4.7087000965007064e-11,TIMEOUT,
stage1_buck5_fixed_r1,stage1,buck5,fixed,fixed,1.0,1,120,500,completed,0,130.0819113254547,holygpu8a12501.rc.fas.harvard.edu,NVIDIA H200,1,0,0,2614,time_limit,124.4107105,0.09629832953,0.170196332,0.913008941,125.75113587300001,3.819618245,6,0.6366030408333333,0.04469862428309105,1,True,False,-1,-1,False,-1,-1,False,7222.0625,0,0,0,0,107950,,,,,,,,,,,,,,,,,0.402995797858,3.1158985027,0.34318047945,1.33587934251,0.34318047945,1.33587934251,True,NOT_VALIDATED,0.343180479449577,0.04585034840500215,0.01474774220105116,0.343180479449577,1.3358793425058992,4.687206625637673e-09,5.443583348699837e-15,0.012814109204607672,0.9801652837935622,fail,7.672511479386692,f,-2.55013660266083e-07,-1.3608958371749592e-14,1.3358793425058992,1.275068301330415e-07,0.02410868870600886,6.804479185874796e-15,-0.343180479449577,-6.921999722084797e-10,NOT_VALIDATED,0.343180479449577,0.04585034840500215,0.01474774220105116,0.343180479449577,1.3358793425058992,4.687206625637673e-09,5.443583348699837e-15,0.012814109204607672,0.9801652837935622,fail,7.672511479386692,f,-2.55013660266083e-07,-1.3608958371749592e-14,1.3358793425058992,1.275068301330415e-07,0.02410868870600886,6.804479185874796e-15,-0.343180479449577,-6.921999722084797e-10,4.941007603065373e-10,TIMEOUT,
stage1_mater-1_adaptive_r1,stage1,mater-1,adaptive,legacy_adaptive,1.0,1,120,100,completed,0,33.86861515045166,holygpu8a12501.rc.fas.harvard.edu,NVIDIA H200,0.04,236,236,99900,strict_validated,31.9771776,0.06156755239,0.022643114,0.91066609,32.975434904,0.735137758,1011,0.0007271392265084075,0.0003127279885185185,1,True,True,8117,2.611304513,True,99900,31.97715379,False,6566.0625,0,0,0,0,1026,5800,1.878949508,8117,2.61129792,53200,17.018143757,97300,31.131232922,5900,1.909979281,20700,6.624642443,61800,19.774139815999998,99900,31.977145394999997,7.10306205955e-07,7.19292910925e-07,7.10306205955e-07,7.19292910925e-07,7.10306205955e-07,7.19292910925e-07,True,PRACTICAL_VALIDATED,7.103062058559398e-07,4.7556459752387104e-07,2.5453370917481325e-07,7.103062058559398e-07,7.192929109254561e-07,7.860298638078405e-15,1.716328939917845e-14,1.8063331190453834e-08,1.6345947410374963e-06,fail,-143.4651638576169,clean,-6.187636201213316e-14,-3.43265787983569e-14,6.340861300318281e-07,2.0625454004044387e-14,7.192929109254561e-07,1.716328939917845e-14,-7.103062058559398e-07,8.834488090166341e-13,,,,,,,,,,,,,,,,,,,,,,2.5456092922070302e-17,PRACTICAL_VALIDATED,
stage1_mater-1_fixed_r1,stage1,mater-1,fixed,fixed,1.0,1,120,100,completed,0,123.22512292861938,holygpu8a12501.rc.fas.harvard.edu,NVIDIA H200,1,0,0,388158,time_limit,120.1062064,0.06064108759,0.106282776,0.888294887,121.170168163,2.686733719,3883,0.0006919221527169713,0.00030222865623792374,1,True,True,235338,72.63612185,False,-1,-1,False,6566.0625,0,0,0,0,1026,158300,48.891582113,235338,72.63611441699999,312600,96.480801484,,,158300,48.891582113,235338,72.63611441699999,312600,96.480801484,,,0.00034024708355,0.00034024708355,1.04874514939e-06,1.04874514939e-06,1.04874514939e-06,1.04874514939e-06,True,PRACTICAL_VALIDATED,1.0487451493932441e-06,5.242185564304767e-07,1.6545918336710276e-09,1.0487451493932441e-06,1.0487451493932441e-06,1.0093866238166982e-13,2.8047009159593017e-14,1.4500632916636391e-09,1.8242642146497967e-06,fail,-143.4651364569405,clean,-1.7609315950501673e-12,-5.6094018319186034e-14,6.989580752406357e-07,5.869771983500558e-13,4.346603798159408e-09,2.8047009159593017e-14,-1.0487451493932441e-06,2.1201763018827107e-11,PRACTICAL_VALIDATED,1.0487451493932441e-06,5.242185564304767e-07,1.6545918336710276e-09,1.0487451493932441e-06,1.0487451493932441e-06,1.0093866238166982e-13,2.8047009159593017e-14,1.4500632916636391e-09,1.8242642146497967e-06,fail,-143.4651364569405,clean,-1.7609315950501673e-12,-5.6094018319186034e-14,6.989580752406357e-07,5.869771983500558e-13,4.346603798159408e-09,2.8047009159593017e-14,-1.0487451493932441e-06,2.1201763018827107e-11,3.932441513669919e-16,PRACTICAL_VALIDATED,
stage1_mater-2_adaptive_r1,stage1,mater-2,adaptive,legacy_adaptive,1.0,1,120,100,completed,0,18.101125240325928,holygpu8a12501.rc.fas.harvard.edu,NVIDIA H200,0.08,186,186,48400,strict_validated,16.46701328,0.06288275123,0.07765672,0.655386328,17.271731707999997,1.089527212,486,0.0022418255390946502,0.0003177115353719008,1,True,True,9878,3.383593532,True,48400,16.46698816,False,6568.0625,0,0,0,0,6778,7600,2.615044234,9878,3.383586398,17900,6.105947715,43200,14.697083357999999,7700,2.648572836,10000,3.426448891,23500,8.008504861999999,48400,16.466977154000002,4.16089716207e-07,8.26223413115e-07,4.16089716207e-07,8.26223413115e-07,4.16089716207e-07,8.26223413115e-07,True,PRACTICAL_VALIDATED,4.1608971630672624e-07,3.5018857567664746e-07,2.797783729912343e-07,4.1608971630672624e-07,8.262234131146374e-07,5.084268795366214e-14,3.088875560926603e-14,1.9736769441003332e-09,1.6405486610461091e-06,fail,-141.5916660710494,clean,-7.138942782947483e-14,-6.177751121853206e-14,4.669181009021966e-07,2.3796475943158278e-14,8.262234131146374e-07,3.088875560926603e-14,-4.1608971630672624e-07,6.266824815171909e-12,,,,,,,,,,,,,,,,,,,,,,1.463736460326475e-17,PRACTICAL_VALIDATED,
stage1_mater-2_fixed_r1,stage1,mater-2,fixed,fixed,1.0,1,120,100,completed,0,122.7192120552063,holygpu8a12501.rc.fas.harvard.edu,NVIDIA H200,1,0,0,353837,time_limit,120.0905562,0.062171489,0.017879353,0.643064493,120.817079446,7.78327288,3539,0.002199285922576999,0.0003171438751798144,1,True,False,-1,-1,False,-1,-1,False,6568.0625,0,0,0,0,6778,,,,,,,,,,,,,,,,,0.0192444309741,0.0192444309741,0.00297503458579,0.00297503458579,0.00297503458579,0.00297503458579,True,NOT_VALIDATED,0.002975034585793172,0.0015013565849464289,2.293638067654494e-06,0.002975034585793172,0.002975034585793172,6.669632429352751e-13,3.712431006555587e-14,2.192615640717044e-06,0.005942944343015071,fail,-140.74448427453524,a,-1.8462379074868473e-12,-7.424862013111174e-14,0.0020018087799285717,6.154126358289491e-13,6.531065295869596e-06,3.712431006555587e-14,-0.002975034585793172,7.600926890798974e-11,NOT_VALIDATED,0.002975034585793172,0.0015013565849464289,2.293638067654494e-06,0.002975034585793172,0.002975034585793172,6.669632429352751e-13,3.712431006555587e-14,2.192615640717044e-06,0.005942944343015071,fail,-140.74448427453524,a,-1.8462379074868473e-12,-7.424862013111174e-14,0.0020018087799285717,6.154126358289491e-13,6.531065295869596e-06,3.712431006555587e-14,-0.002975034585793172,7.600926890798974e-11,2.0682804427463175e-13,TIMEOUT,
stage1_mater-3_adaptive_r1,stage1,mater-3,adaptive,legacy_adaptive,1.0,1,120,100,completed,0,104.80391597747803,holygpu8a12501.rc.fas.harvard.edu,NVIDIA H200,0.01,373,373,230900,strict_validated,102.2848566,0.06733778864,0.042061568,0.901010872,103.29933464,17.36834622,2320,0.007486356129310345,0.00036775709570809875,1,True,True,9598,4.25216551,True,230900,102.2848338,False,6574.0625,0,0,0,0,36846,9300,4.121696605,9598,4.252153756,23800,10.560490233,107600,47.522847345,9400,4.165334361,15500,6.858467402,65900,29.116107787,230900,102.28482596799999,1.70047466103e-06,1.68041796806e-05,2.62027872509e-07,9.98206935133e-07,2.62027872509e-07,9.98206935133e-07,True,STRICT_VALIDATED,2.620278725094288e-07,2.620278725094288e-07,1.1854694585401579e-07,1.0927836885319352e-08,9.982069351329364e-07,8.59662564459534e-15,3.36952687973735e-14,3.5178299717664174e-09,3.4637266369663163e-07,pass,-133.9162532686818,clean,-9.830032023172677e-15,-6.7390537594747e-14,3.493704966792384e-07,3.276677341057559e-15,9.982069351329364e-07,3.36952687973735e-14,-1.0927836885319352e-08,1.875979293791081e-12,,,,,,,,,,,,,,,,,,,,,,3.293645263750984e-17,STRICT_VALIDATED,
stage1_mater-3_fixed_r1,stage1,mater-3,fixed,fixed,1.0,1,120,100,completed,0,122.82508659362793,holygpu8a12501.rc.fas.harvard.edu,NVIDIA H200,1,0,0,270599,time_limit,120.1397796,0.06600701064,0.349750576,0.664375109,121.229511085,21.41709525,2706,0.007914669345898004,0.00036433936737016763,1,True,False,-1,-1,False,-1,-1,False,6574.0625,0,0,0,0,36846,,,,,,,,,,,,,,,,,0.0779197125336,0.0779197125336,0.0374975887214,0.0374975887214,0.0374975887214,0.0374975887214,True,NOT_VALIDATED,0.03749758872136735,0.021147133187087105,2.0034347287789704e-05,0.03749758872136735,0.03749758872136735,7.335857963276616e-13,2.1601079791894147e-14,1.9786320005876767e-05,0.07760067777932748,fail,-123.44670367652093,f,-1.1456359399743347e-12,-4.3202159583788294e-14,0.028196177582782807,3.818786466581116e-13,5.779909617883893e-05,2.1601079791894147e-14,-0.03749758872136735,1.2641822652195405e-10,NOT_VALIDATED,0.03749758872136735,0.021147133187087105,2.0034347287789704e-05,0.03749758872136735,0.03749758872136735,7.335857963276616e-13,2.1601079791894147e-14,1.9786320005876767e-05,0.07760067777932748,fail,-123.44670367652093,f,-1.1456359399743347e-12,-4.3202159583788294e-14,0.028196177582782807,3.818786466581116e-13,5.779909617883893e-05,2.1601079791894147e-14,-0.03749758872136735,1.2641822652195405e-10,1.3673506771283428e-12,TIMEOUT,
stage1_mater-4_adaptive_r1,stage1,mater-4,adaptive,legacy_adaptive,1.0,1,120,100,completed,0,122.47642350196838,holygpu8a12501.rc.fas.harvard.edu,NVIDIA H200,0.01,288,288,140701,time_limit,120.22186,0.08213471621,0.094316864,0.894868669,121.299526433,36.61539363,1410,0.025968364276595744,0.0005928818125528605,1,True,True,39296,33.49858529,False,-1,-1,True,6596.0625,0,0,0,0,179586,25700,21.917446666,39296,33.498576657,63000,53.733001726,,,25700,21.917446666,39296,33.498576657,,,,,1.85796394876e-05,0.00038594778757,2.86599259217e-06,1.91247402462e-05,2.86599259217e-06,1.91247402462e-05,True,PRACTICAL_VALIDATED,1.2291041023590234e-05,1.2291041023590234e-05,2.2960571487214433e-06,1.224505435443446e-05,1.638805469812031e-05,2.920150956923925e-14,4.632752514943661e-14,2.216235769125774e-06,2.1401087899174414e-05,fail,-134.25980523106782,clean,-3.1620134364312825e-14,-9.265505029887322e-14,1.638805469812031e-05,1.0540044788104276e-14,1.614747241768269e-05,4.632752514943661e-14,-1.224505435443446e-05,2.1535347774776375e-11,PRACTICAL_VALIDATED,2.8659925921693325e-06,2.8659925921693325e-06,1.1377103791415496e-06,4.3528327252036127e-07,1.9124740246212226e-05,1.0746936769664533e-14,4.841869647189662e-14,9.167691583655824e-08,8.40022446757133e-07,pass,-134.2625863762958,clean,-1.0814797926827783e-14,-9.683739294379323e-14,3.821323456225776e-06,3.604932642275928e-15,1.9124740246212226e-05,4.841869647189662e-14,-4.3528327252036127e-07,5.6790658447308744e-12,1.879688082701697e-15,PRACTICAL_VALIDATED,
stage1_mater-4_fixed_r1,stage1,mater-4,fixed,fixed,1.0,1,120,100,completed,0,122.38241267204285,holygpu8a12501.rc.fas.harvard.edu,NVIDIA H200,1,0,0,136693,time_limit,120.2076744,0.07881906629,0.22407436,0.672655369,121.194817829,38.34805415,1367,0.028052709692757867,0.0005975411609372829,1,True,False,-1,-1,False,-1,-1,False,6596.0625,0,0,0,0,179586,,,,,,,,,,,,,,,,,0.195475265773,0.260633687697,0.142525819446,0.16614148765,0.142525819446,0.16614148765,True,NOT_VALIDATED,0.14252581944592696,0.12460611573746647,6.815325340042056e-05,0.14252581944592696,0.1661414876499553,3.6421762078449643e-13,1.6597834218147737e-14,6.783807399490804e-05,0.33118225481822616,fail,-89.46609402119871,f,-3.961650149765636e-13,-3.3195668436295475e-14,0.1661414876499553,1.3205500499218788e-13,0.0001988300531014859,1.6597834218147737e-14,-0.14252581944592696,1.3444971957426653e-10,NOT_VALIDATED,0.14252581944592696,0.12460611573746647,6.815325340042056e-05,0.14252581944592696,0.1661414876499553,3.6421762078449643e-13,1.6597834218147737e-14,6.783807399490804e-05,0.33118225481822616,fail,-89.46609402119871,f,-3.961650149765636e-13,-3.3195668436295475e-14,0.1661414876499553,1.3205500499218788e-13,0.0001988300531014859,1.6597834218147737e-14,-0.14252581944592696,1.3444971957426653e-10,4.995528990470177e-11,TIMEOUT,
stage1_mater-5_adaptive_r1,stage1,mater-5,adaptive,legacy_adaptive,1.0,1,120,200,completed,0,122.62564134597778,holygpu8a12501.rc.fas.harvard.edu,NVIDIA H200,0.01,233,233,85360,time_limit,120.345337,0.1022501439,0.462929426,0.629681429,121.554166355,26.8974812,429,0.06269809137529138,0.0010914494106490159,1,True,True,41351,58.20093554,False,-1,-1,True,6638.0625,0,0,0,0,476942,30600,43.173227326,41351,58.200925909,73400,103.350136808,,,31000,43.72873820499999,41351,58.200925909,,,,,6.72666355225e-05,6.72666355225e-05,7.09925002001e-06,9.21438897063e-05,7.09925002001e-06,9.21438897063e-05,True,PRACTICAL_VALIDATED,1.5388341985091127e-05,1.3315577559029403e-05,5.976447726104685e-07,1.5388341985091127e-05,1.7754103412039202e-05,2.9376757480725115e-14,4.679590048795035e-14,4.2239802089394374e-07,3.11941267641129e-05,fail,-133.7973949818016,clean,-2.979150605507747e-14,-9.35918009759007e-14,1.7754103412039202e-05,9.930502018359158e-15,1.3910053404255816e-05,4.679590048795035e-14,-1.5388341985091127e-05,4.528171108606115e-11,PRACTICAL_VALIDATED,7.099250020006794e-06,7.099250020006794e-06,3.660484801345661e-06,2.6982101900258584e-06,9.214388970628406e-05,1.0599654442040718e-14,5.3984594572398237e-14,2.202691452790617e-06,1.5731934452845957e-06,fail,-133.80138793100647,clean,-1.1466788159118913e-14,-1.0796918914479647e-13,9.465666693342392e-06,3.822262719706304e-15,9.214388970628406e-05,5.3984594572398237e-14,-2.6982101900258584e-06,1.0967278235374997e-11,2.039201327328627e-15,PRACTICAL_VALIDATED,
stage1_mater-5_fixed_r1,stage1,mater-5,fixed,fixed,1.0,1,120,200,completed,0,122.57533764839172,holygpu8a12501.rc.fas.harvard.edu,NVIDIA H200,1,0,0,84449,time_limit,120.3441466,0.103913635,0.176086083,0.89059742,121.522112603,27.34943635,423,0.0646558778959811,0.0010978978557827802,1,True,False,-1,-1,False,-1,-1,False,6638.0625,0,0,0,0,476942,,,,,,,,,,,,,,,,,0.359086433825,0.478781911766,0.25052044898,0.334027265306,0.25052044898,0.334027265306,True,NOT_VALIDATED,0.2505204489796476,0.2505204489796476,0.00010647344069671517,0.20027564074498727,0.3340272653061968,2.4620926641120604e-13,1.443290157631485e-14,0.00010623322913172473,0.4987376293756024,fail,-66.5709695799618,f,-2.5861689264741357e-13,-2.88658031526297e-14,0.3340272653061968,8.620563088247119e-14,0.0003110553822360353,1.443290157631485e-14,-0.20027564074498727,1.0596828244299808e-10,NOT_VALIDATED,0.2505204489796476,0.2505204489796476,0.00010647344069671517,0.20027564074498727,0.3340272653061968,2.4620926641120604e-13,1.443290157631485e-14,0.00010623322913172473,0.4987376293756024,fail,-66.5709695799618,f,-2.5861689264741357e-13,-2.88658031526297e-14,0.3340272653061968,8.620563088247119e-14,0.0003110553822360353,1.443290157631485e-14,-0.20027564074498727,1.0596828244299808e-10,6.196820834247774e-12,TIMEOUT,
stage1_mater-6_adaptive_r1,stage1,mater-6,adaptive,legacy_adaptive,1.0,1,120,200,completed,0,123.07527613639832,holygpu8a12501.rc.fas.harvard.edu,NVIDIA H200,0.01,183,183,44664,time_limit,120.5973789,0.1436843872,0.335062355,0.889194913,121.97567636800001,28.05258814,224,0.12523476848214285,0.002061480900076124,1,True,False,-1,-1,False,-1,-1,True,6716.0625,0,0,0,0,1130798,,,,,,,,,,,,,,,,,0.0351970455863,0.0481780132551,0.00631347579334,0.00985861265875,0.00631347579334,0.00985861265875,True,NOT_VALIDATED,0.0037751290349806194,0.0017036323119931588,0.0004050164197634211,0.0037751290349806194,0.0037751290349806194,6.3801976250229356e-15,5.948019854429312e-14,0.0004031525891092791,0.006744827858564111,fail,-132.631259628185,a,-7.225590266787886e-15,-1.1896039708858623e-13,0.0022715097493242117,2.4085300889292954e-15,0.002393540122643975,5.948019854429312e-14,-0.0037751290349806194,2.268015957143552e-11,NOT_VALIDATED,0.00631347579334322,0.0015074550051148092,0.0033532002876414,0.00631347579334322,0.009858612658748434,7.812420476773136e-15,6.05071548460994e-14,0.003349273284384724,0.005958118620602362,fail,-132.73710246633837,a,-7.950974604759663e-15,-1.210143096921988e-13,0.0020099400068197457,2.650324868253221e-15,0.009858612658748434,6.05071548460994e-14,-0.00631347579334322,2.2505010396409584e-11,1.9380764354481883e-14,TIMEOUT,
stage1_mater-6_fixed_r1,stage1,mater-6,fixed,fixed,1.0,1,120,200,completed,0,123.57924294471741,holygpu8a12501.rc.fas.harvard.edu,NVIDIA H200,1,0,0,44601,time_limit,120.6248487,0.1439339072,0.765353347,0.91144871,122.46686405700001,27.56809668,224,0.12307186017857143,0.002075886028093541,1,True,False,-1,-1,False,-1,-1,False,6716.0625,0,0,0,0,1130798,,,,,,,,,,,,,,,,,0.640965464245,0.854620618993,0.471197998959,0.628263998612,0.471197998959,0.628263998612,True,NOT_VALIDATED,0.4711979989588496,0.4711979989588496,0.00016505852234129927,0.2471544689977621,0.6282639986117995,1.7486765007911465e-09,5.7217443050390034e-15,0.00016485158802193034,0.6519835159402015,fail,-45.82168534397601,f,-1.7939290212667516e-09,-1.1443488610078007e-14,0.6282639986117995,5.979763404222505e-10,0.0005053745845026395,5.7217443050390034e-15,-0.2471544689977621,6.282578668752014e-11,NOT_VALIDATED,0.4711979989588496,0.4711979989588496,0.00016505852234129927,0.2471544689977621,0.6282639986117995,1.7486765007911465e-09,5.7217443050390034e-15,0.00016485158802193034,0.6519835159402015,fail,-45.82168534397601,f,-1.7939290212667516e-09,-1.1443488610078007e-14,0.6282639986117995,5.979763404222505e-10,0.0005053745845026395,5.7217443050390034e-15,-0.2471544689977621,6.282578668752014e-11,1.1799450305716164e-11,TIMEOUT,
stage1_shmup1_adaptive_r1,stage1,shmup1,adaptive,legacy_adaptive,1.0,1,120,100,completed,0,121.81646203994751,holygpu8a12501.rc.fas.harvard.edu,NVIDIA H200,50,237,237,121742,time_limit,120.0653451,0.06028412655,0.050086556,0.655306334,120.85278519,0.494015178,1218,0.0004055953842364532,0.000981633982323274,1,True,False,-1,-1,False,-1,-1,True,6568.0625,0,0,0,0,69,,,,,,,,,,,,,,,,,0.0625420641153,0.0625420641153,0.019166496007,0.019166496007,0.019166496007,0.019166496007,True,NOT_VALIDATED,0.001772545612869263,0.0006513591896076321,0.001772545612869263,0.0008020494320078457,0.009668280383447516,3.202711118126918e-13,0.0,0.001140391120742791,0.23915224011620625,fail,143.11582626883683,a,-9.965472014741087e-11,1.6746201167048725e-15,0.0016283979740190804,4.9827360073705436e-11,0.009668280383447516,0.0,-0.0008020494320078457,-2.624884980803384e-12,NOT_VALIDATED,0.019166496007044335,0.0015427999206484768,4.44111498857096e-05,0.019166496007044335,0.019166496007044335,5.838856647616125e-14,0.0,4.392057435760115e-05,0.0034352336991835953,fail,187.7641158959159,f,-4.170341252480449e-11,0.0,0.003856999801621192,2.0851706262402244e-11,0.00018062485856113966,0.0,-0.019166496007044335,-3.4218626004887093e-13,4.475170234385928e-13,TIMEOUT,
stage1_shmup1_fixed_r1,stage1,shmup1,fixed,fixed,1.0,1,120,100,completed,0,121.97296261787415,holygpu8a12501.rc.fas.harvard.edu,NVIDIA H200,1,0,0,121153,time_limit,120.0768905,0.05944988504,0.021899343,0.830402893,120.993896136,0.491220755,1212,0.00040529765264026404,0.0009864333576551964,1,True,False,-1,-1,False,-1,-1,True,6568.0625,0,0,0,0,69,,,,,,,,,,,,,,,,,0.0547994330731,0.0547994330731,0.0545980713468,0.0545980713468,0.0545980713468,0.0545980713468,True,NOT_VALIDATED,0.05426697739019517,3.097473229227665e-05,0.0008224036052484079,0.05426697739019517,0.05426697739019517,8.500708873529196e-14,2.4122292502078727e-17,0.0008110541623017857,0.2045271799776206,fail,149.674325109975,f,-2.3453271972224434e-11,-1.955563388292606e-15,7.743683073069162e-05,1.1726635986112217e-11,0.0036371335684365676,9.312206610917171e-17,-0.05426697739019517,-1.6640683489697998e-13,NOT_VALIDATED,0.054598071346771734,1.698430397898777e-05,0.0006533067347053612,0.054598071346771734,0.054598071346771734,2.815630630432697e-14,8.320684255366007e-17,0.0006489396899326062,0.17773315792884412,fail,154.7495094375396,f,-7.975373282925833e-12,-6.745472261367483e-15,4.2460759947469425e-05,3.9876866414629165e-12,0.0027675364053361207,3.21212964827023e-16,-0.054598071346771734,-1.0927564095360734e-13,1.951702688351986e-13,TIMEOUT,
stage1_shmup2_adaptive_r1,stage1,shmup2,adaptive,legacy_adaptive,1.0,1,120,200,completed,0,122.2229573726654,holygpu8a12501.rc.fas.harvard.edu,NVIDIA H200,100,168,168,17544,time_limit,120.3468018,0.06467494369,0.026488654,0.902267355,121.363555209,2.463656505,88,0.027996096647727273,0.0067012316814295475,1,True,False,-1,-1,False,-1,-1,True,6616.0625,0,0,0,0,2178,,,,,,,,,,,,,,,,,0.356939979722,0.356939979722,0.332084887013,0.332084887013,0.332084887013,0.332084887013,True,NOT_VALIDATED,0.3031617818736071,0.0020367465900949706,0.0005425160175086742,0.3031617818736071,0.3031617818736071,2.2568541286914619e-10,3.173206198844196e-17,0.000461521520026969,0.933968508409258,fail,227.69525082564837,f,-4.4067804762919616e-08,-1.7982405551682413e-14,0.015420346549194799,2.2033902381459808e-08,0.00785721787366282,4.385952573581076e-16,-0.3031617818736071,-1.177714229664949e-10,NOT_VALIDATED,0.332084887013045,0.005923476491843819,0.0002813359669836694,0.332084887013045,0.332084887013045,1.1142329685137188e-09,7.640369392567344e-17,0.0002666384322161263,0.8433969748968011,fail,541.3831454240965,f,-3.0134616426725175e-07,-4.3297602605166634e-14,0.044847042201740565,1.5067308213362587e-07,0.004292135328178572,1.0560390879308934e-15,-0.332084887013045,-5.168420048253021e-11,2.6392887875203996e-11,TIMEOUT,
stage1_shmup2_fixed_r1,stage1,shmup2,fixed,fixed,1.0,1,120,200,completed,0,122.28767895698547,holygpu8a12501.rc.fas.harvard.edu,NVIDIA H200,1,0,0,17495,time_limit,120.3475096,0.06544879824,0.084807205,0.891938503,121.418434208,2.495656406,88,0.028359731886363638,0.006718139461903401,1,True,False,-1,-1,False,-1,-1,True,6616.0625,0,0,0,0,2178,,,,,,,,,,,,,,,,,0.41767400292,0.41767400292,0.425603961366,0.425603961366,0.425603961366,0.425603961366,True,NOT_VALIDATED,0.41539398576693387,8.68659044988246e-06,0.0010852308388093106,0.41539398576693387,0.41539398576693387,1.7129343179084738e-10,2.6843437793705672e-17,0.0010420507660873271,0.9813846145233674,fail,63.47302867517708,f,-1.1560518636870068e-08,-1.5212045942163978e-14,6.576676534996313e-05,5.780259318435034e-09,0.01531774384171699,3.7102551078448727e-16,-0.41539398576693387,-5.891043890855433e-11,NOT_VALIDATED,0.42560396136585227,1.867629823632253e-05,0.0009102407466645926,0.42560396136585227,0.42560396136585227,2.405254670636264e-08,2.2228253203745023e-17,0.0008769758717505709,0.972583427526853,fail,93.9552973509542,f,-6.361830080387998e-08,-1.2596643229829166e-14,0.00014139952042182145,3.180915040193999e-08,0.013748840834802956,3.0723520072754064e-16,-0.42560396136585227,-3.1811923656714744e-11,3.3066105409318425e-11,TIMEOUT,
stage1_shmup3_adaptive_r1,stage1,shmup3,adaptive,legacy_adaptive,1.0,1,120,200,completed,0,123.92284083366394,holygpu8a12501.rc.fas.harvard.edu,NVIDIA H200,0.5,117,117,6266,time_limit,121.172902,0.07331235707,0.190720012,0.900564433,122.406180045,3.848873124,32,0.120277285125,0.018557602766358122,1,True,False,-1,-1,False,-1,-1,True,6764.0625,0,0,0,0,5875,,,,,,,,,,,,,,,,,0.0499963044868,0.0499963044868,0.647546165952,0.647546165952,0.647546165952,0.647546165952,True,NOT_VALIDATED,0.04999630448677865,0.001111327265073534,0.0020858979949792632,0.04999630448677865,0.04999630448677865,1.5099605316560978e-09,4.091590413086322e-17,0.0005094572295475039,0.982969439982326,fail,34.761417086392576,f,-1.0956904938854579e-07,-1.6811695670682585e-14,0.0119433794026138,5.4784524694272895e-08,0.04195114173507143,8.005569366991707e-16,-0.04999630448677865,-3.6886685663577834e-09,NOT_VALIDATED,0.6475461659515073,0.0004634858682473659,0.0011946619592116175,0.6475461659515073,0.6475461659515073,1.7945510619738194e-08,9.990953169642781e-18,0.0009665023362389067,0.9812123902867141,fail,38.45093680512666,f,-2.1807920919099552e-07,-4.105124100664285e-15,0.004981059806772478,1.0903960459549776e-07,0.02375954976782624,1.954821000316326e-16,-0.6475461659515073,-6.615795438106453e-10,3.2213468004194112e-12,TIMEOUT,
stage1_shmup3_fixed_r1,stage1,shmup3,fixed,fixed,1.0,1,120,200,completed,0,123.77429509162903,holygpu8a12501.rc.fas.harvard.edu,NVIDIA H200,1,0,0,6254,time_limit,121.1913597,0.07257702947,0.033886577,0.90576134,122.266392017,3.833581548,32,0.119799423375,0.01859589115701951,1,True,False,-1,-1,False,-1,-1,True,6764.0625,0,0,0,0,5875,,,,,,,,,,,,,,,,,0.435699670603,0.435699670603,0.377064962217,0.377064962217,0.377064962217,0.377064962217,True,NOT_VALIDATED,0.3764012509693467,1.7255412385531566e-05,0.0008312033606929713,0.3764012509693467,0.3764012509693467,4.0211696371672335e-10,9.622533211130476e-18,0.0007913781898075875,0.9869057950589202,fail,26.495709115067363,f,-1.9747314400915417e-08,-3.953746186547941e-15,0.0001854430673536372,9.873657200457708e-09,0.01657195272172717,1.8827362793085432e-16,-0.3764012509693467,-1.0547119836793767e-10,NOT_VALIDATED,0.37706496221677466,7.049041112305374e-06,0.0008166309325511406,0.37706496221677466,0.37706496221677466,3.441591001081298e-10,7.672612272110205e-18,0.0007775760159656972,0.9864356424207028,fail,27.482953490596227,f,-1.7804756675653702e-08,-3.1525546180113174e-15,7.575569778117093e-05,8.902378337826851e-09,0.016293007718640694,1.501216484767294e-16,-0.37706496221677466,-8.799366141813175e-11,3.0653313221051803e-11,TIMEOUT,
stage1_shmup4_adaptive_r1,stage1,shmup4,adaptive,legacy_adaptive,1.0,1,120,500,completed,0,129.23038506507874,holygpu8a12501.rc.fas.harvard.edu,NVIDIA H200,0.5,139,139,9426,time_limit,123.9156008,0.08902979642,0.199302235,0.897279792,125.250566127,9.193484837,19,0.48386762299999997,0.011807633890197327,1,True,False,-1,-1,False,-1,-1,True,7172.0625,18524,140,0,0,13645,,,,,,,,,,,,,,,,,0.542596373037,0.542596373037,0.577240736113,0.577240736113,0.577240736113,0.577240736113,True,NOT_VALIDATED,0.20174115113712443,0.0008749390324932134,0.0007744109789301306,0.20174115113712443,0.20174115113712443,1.1728188629908427e-09,1.398037624618671e-17,0.0003386609377238753,0.9911916283836688,undecidable (reference uncertainty 2.0e-06),69.41001799977863,f,-2.4155774226361504e-08,-1.978527244151099e-14,0.012810975976261572,1.2077887113180752e-08,0.022213599055403953,3.879465184609998e-16,-0.20174115113712443,-4.727189496435126e-10,NOT_VALIDATED,0.5772407361134071,0.0007932257647604902,0.0005211528827057128,0.5772407361134071,0.5772407361134071,1.6586838051807542e-08,1.1991187899093549e-17,0.00046525547189900265,0.9899065713064984,undecidable (reference uncertainty 2.0e-06),79.68216543808086,f,-2.4668927561042646e-08,-1.6970138378473737e-14,0.011614519227860802,1.2334463780521323e-08,0.014585864964812538,3.327478113426223e-16,-0.5772407361134071,2.024293325367373e-09,3.712444240910884e-11,TIMEOUT,
stage1_shmup4_fixed_r1,stage1,shmup4,fixed,fixed,1.0,1,120,500,completed,0,129.22976088523865,holygpu8a12501.rc.fas.harvard.edu,NVIDIA H200,1,0,0,11302,time_limit,123.9196647,0.08859779686,0.04262417,0.885936873,125.077868343,11.08442374,23,0.4819314669565217,0.009680890327375685,1,True,False,-1,-1,False,-1,-1,False,7172.0625,22275,22,0,0,13645,,,,,,,,,,,,,,,,,0.465562398566,0.465562398566,0.415585905232,0.415585905232,0.415585905232,0.415585905232,True,NOT_VALIDATED,0.4155859052317119,7.074971886477228e-06,0.0004408533151761956,0.4155859052317119,0.4155859052317119,8.973423784483581e-11,2.350939969942049e-17,0.00042342822540490313,0.992185008132617,undecidable (reference uncertainty 2.0e-06),61.4694032016492,f,-5.792041647710843e-09,-3.327091272785184e-14,0.0001035926978958832,2.8960208238554214e-09,0.012420901853019415,6.523708378010165e-16,-0.4155859052317119,-3.13256476240249e-11,NOT_VALIDATED,0.4155859052317119,7.074971886477228e-06,0.0004408533151761956,0.4155859052317119,0.4155859052317119,8.973423784483581e-11,2.350939969942049e-17,0.00042342822540490313,0.992185008132617,undecidable (reference uncertainty 2.0e-06),61.4694032016492,f,-5.792041647710843e-09,-3.327091272785184e-14,0.0001035926978958832,2.8960208238554214e-09,0.012420901853019415,6.523708378010165e-16,-0.4155859052317119,-3.13256476240249e-11,3.171191087503189e-11,TIMEOUT,
stage1_shmup5_adaptive_r1,stage1,shmup5,adaptive,legacy_adaptive,1.0,1,120,500,completed,0,160.8692283630371,holygpu8a12501.rc.fas.harvard.edu,NVIDIA H200,1,100,100,4001,time_limit,142.4780505,0.1682655662,0.06969001,0.891969972,144.289601882,31.16463749,9,3.462737498888889,0.023812795253686573,1,True,False,-1,-1,False,-1,-1,False,9454.0625,7846,155,0,0,38204,,,,,,,,,,,,,,,,,0.419110254566,0.419110254566,0.188466703045,0.188466703045,0.188466703045,0.188466703045,True,NOT_VALIDATED,0.18846670304540242,0.0005723258697861122,0.0014042056973417936,0.18846670304540242,0.18846670304540242,5.341036235203873e-08,1.6327477837807733e-17,0.0005354635923856247,0.9968064118393779,undecidable (reference uncertainty 1.8e-06),75.19858876521798,f,-3.3918653521175976e-07,-1.3870757667622299e-14,0.012427028042120524,1.6959326760587988e-07,0.06112860872039668,6.605122698867761e-16,-0.18846670304540242,6.855362764317989e-10,NOT_VALIDATED,0.18846670304540242,0.0005723258697861122,0.0014042056973417936,0.18846670304540242,0.18846670304540242,5.341036235203873e-08,1.6327477837807733e-17,0.0005354635923856247,0.9968064118393779,undecidable (reference uncertainty 1.8e-06),75.19858876521798,f,-3.3918653521175976e-07,-1.3870757667622299e-14,0.012427028042120524,1.6959326760587988e-07,0.06112860872039668,6.605122698867761e-16,-0.18846670304540242,6.855362764317989e-10,4.540240405859208e-11,TIMEOUT,
stage1_shmup5_fixed_r1,stage1,shmup5,fixed,fixed,1.0,1,120,500,completed,0,158.3656575679779,holygpu8a12501.rc.fas.harvard.edu,NVIDIA H200,1,0,0,5179,time_limit,139.552659,0.1656621397,0.209685674,0.892670089,141.466048963,39.64961309,11,3.604510280909091,0.01624454390229774,1,True,False,-1,-1,False,-1,-1,True,9454.0625,10252,17,0,0,38204,,,,,,,,,,,,,,,,,0.467048633817,0.467048633817,0.414850661674,0.414850661674,0.414850661674,0.414850661674,True,NOT_VALIDATED,0.4131162458797011,4.844608679836982e-05,0.0007465369774275773,0.4131162458797011,0.4131162458797011,6.054486834467269e-10,1.6552161248886478e-17,0.0007141134974333707,0.9974656715807314,undecidable (reference uncertainty 1.8e-06),59.46873901807078,f,-3.733083685553696e-08,-1.4061634003696167e-14,0.0010519197383115663,1.866541842776848e-08,0.030655796222981518,6.696016192236269e-16,-0.4131162458797011,-2.462340062459487e-10,NOT_VALIDATED,0.4148506616738562,2.283457537970135e-05,0.000721846492849569,0.4148506616738562,0.4148506616738562,4.3724199786707627e-10,1.419133792761665e-17,0.0006926450099505553,0.9972800953724925,undecidable (reference uncertainty 1.8e-06),63.896562665013704,f,-2.9819974756826635e-08,-1.2056032862436139e-14,0.000495811780584917,1.4909987378413317e-08,0.02966703114940544,5.740968029731495e-16,-0.4148506616738562,-1.520271366770633e-10,2.0298929204187743e-11,TIMEOUT,
stage1_trto1_adaptive_r1,stage1,trto1,adaptive,legacy_adaptive,1.0,1,120,100,completed,0,122.92196750640869,holygpu8a12501.rc.fas.harvard.edu,NVIDIA H200,0.09765625,465,465,328724,time_limit,120.0680672,0.06006908789,0.053563906,0.904129461,121.097166367,0.641785608,3288,0.00019519027007299268,0.0003630931488421898,1,True,False,-1,-1,False,-1,-1,True,6566.0625,0,0,0,0,243,,,,,,,,,,,,,,,,,0.99401427587,2.18204948598,0.964720097004,1.44382751533,0.964720097004,1.44382751533,True,NOT_VALIDATED,0.1618214498985548,0.1618214498985548,0.1589117859234907,0.1533387473240028,0.5663750746449417,6.8972293484700666e-09,4.341422398178866e-15,0.07978534234987708,0.47826769206260106,fail,575.7750664247945,f,-1.4026502236445511e-05,-1.0853555995447166e-14,0.5663750746449417,7.0132511182227554e-06,0.200691413346715,5.426777997723583e-15,-0.1533387473240028,-2.0464056917945148e-08,NOT_VALIDATED,0.9647200970038464,0.41252214723634856,0.1425174124537742,0.9647200970038464,1.44382751532722,1.2436141826877815e-08,2.3996756989551994e-13,0.13519578120246215,0.9480265580711909,fail,56.45664005229858,f,-1.9018598342059208e-06,-5.999189247387999e-13,1.44382751532722,9.509299171029604e-07,0.18012357779374405,2.9995946236939993e-13,0.9647200970038464,-1.38392151194041e-10,4.4941717014523874e-11,TIMEOUT,
stage1_trto1_fixed_r1,stage1,trto1,fixed,fixed,1.0,1,120,100,completed,0,24.90832257270813,holygpu8a12501.rc.fas.harvard.edu,NVIDIA H200,1,0,0,60200,strict_validated,23.1753277,0.05947440118,0.021688498,0.90420522,24.164028098000003,0.117078426,603,0.0001941599104477612,0.0003830241784883721,1,True,True,38474,14.81985203,True,60200,23.17530763,False,6566.0625,0,0,0,0,243,25600,9.868755638,38474,14.819843918,47200,18.174995495,58900,22.673506408999998,26100,10.060989941999999,39800,15.329944808,47500,18.290306305,60200,23.175301190000003,6.70975268286e-07,9.7019281624e-07,6.70975268286e-07,9.7019281624e-07,6.70975268286e-07,9.7019281624e-07,True,STRICT_VALIDATED,6.709752682803879e-07,2.771979474972806e-07,1.7650458942512456e-07,6.709752682803879e-07,9.70192816240482e-07,1.1775612841587276e-16,0.0,1.2471358926679823e-07,2.476104432486215e-07,pass,1104.500273733345,clean,-5.600292839376555e-13,0.0,9.70192816240482e-07,2.8001464196882775e-13,2.2066483733791592e-07,0.0,-6.709752682803879e-07,2.2124192932701025e-12,,,,,,,,,,,,,,,,,,,,,,4.048203388988796e-17,STRICT_VALIDATED,
stage1_trto2_adaptive_r1,stage1,trto2,adaptive,legacy_adaptive,1.0,1,120,100,completed,0,121.67318725585938,holygpu8a12501.rc.fas.harvard.edu,NVIDIA H200,0.08,205,205,81071,time_limit,120.0855892,0.05965836719,0.021983046,0.635172411,120.809071957,1.026706919,811,0.0012659764722564735,0.0014675332364470649,1,True,False,-1,-1,False,-1,-1,True,6568.0625,0,0,0,0,1264,,,,,,,,,,,,,,,,,0.890733273091,3.49967228005,0.196970734716,0.802017021376,0.196970734716,0.802017021376,True,NOT_VALIDATED,0.13283028268595676,0.13283028268595676,0.10783415697835244,0.13162471677799514,0.8633968374587189,1.3785461566048555e-12,5.512589269271582e-13,0.038410961674073985,0.31054811347309613,fail,8824.673599430897,f,-1.0844713499905707e-07,-1.3781473173178955e-12,0.8633968374587189,5.4223567499528536e-08,0.13568960090194307,6.890736586589478e-13,-0.13162471677799514,-9.964157431727804e-12,NOT_VALIDATED,0.1969707347159368,0.12338723405782634,0.10852772084492886,0.1969707347159368,0.8020170213758712,4.1740779402783384e-14,2.707848879425642e-13,0.03881390903824924,0.30938579060466437,fail,8839.552494469692,f,-3.2848736134479942e-09,-6.769622198564106e-13,0.8020170213758712,1.6424368067239971e-09,0.13620915535862843,3.384811099282053e-13,-0.1969707347159368,-1.2255731253637315e-11,4.128108965772981e-11,TIMEOUT,
stage1_trto2_fixed_r1,stage1,trto2,fixed,fixed,1.0,1,120,100,completed,0,121.82251477241516,holygpu8a12501.rc.fas.harvard.edu,NVIDIA H200,1,0,0,81319,time_limit,120.0789138,0.06076121703,0.054506149,0.74908008,120.96642042900001,1.040040908,814,0.0012776915331695331,0.001462909830519313,1,True,False,-1,-1,False,-1,-1,True,6568.0625,0,0,0,0,1264,,,,,,,,,,,,,,,,,0.674296108102,0.674296108102,0.626492920604,0.626492920604,0.626492920604,0.626492920604,True,NOT_VALIDATED,0.5848172545276221,0.01695396436054116,0.057184289073471506,0.5848172545276221,0.5848172545276221,2.9791126805543136e-12,1.2602321692500933e-14,0.054630393789067214,0.6755940459147234,fail,4151.720618245627,f,-6.905565099089756e-08,-3.1505804231252335e-14,0.11020076834351754,3.452782549544878e-08,0.07160519847955442,1.5752902115626167e-14,-0.5848172545276221,-1.6495875708007757e-12,NOT_VALIDATED,0.6264929206042493,0.002436696182372066,0.05529749929258561,0.6264929206042493,0.6264929206042493,1.0086470591599891e-12,0.0,0.05440689853859576,0.6242436769105735,fail,4809.05669186775,f,-2.8044763319986854e-08,0.0,0.01583852518541843,1.4022381659993427e-08,0.06913031770107136,0.0,-0.6264929206042493,-1.667042181608966e-13,2.762212680806897e-11,TIMEOUT,
stage1_trto3_adaptive_r1,stage1,trto3,adaptive,legacy_adaptive,1.0,1,120,100,completed,0,121.77308893203735,holygpu8a12501.rc.fas.harvard.edu,NVIDIA H200,0.048828125,174,174,36438,time_limit,120.1623839,0.06372473389,0.061023213,0.71184636,121.016926273,4.767916916,365,0.013062786071232877,0.0031627992158735387,1,True,False,-1,-1,False,-1,-1,True,6580.0625,0,0,0,0,13347,,,,,,,,,,,,,,,,,0.725723167335,8.82617533908,0.837136846864,1.03260276345,0.837136846864,1.03260276345,True,NOT_VALIDATED,0.17004450282083763,0.16878847131088495,0.17004450282083763,0.1647786051440683,2.052789148891935,4.622029550434441e-08,1.9831127786046318e-13,0.03512018456441066,0.8800727897010393,fail,1534.188219036996,f,-5.581848350059161e-06,-4.957781946511579e-13,2.052789148891935,2.7909241750295805e-06,0.22456307928545727,2.4788909732557897e-13,-0.1647786051440683,-2.855354944170751e-10,NOT_VALIDATED,0.8371368468643768,0.08490469759544544,0.09952994455334267,0.8371368468643768,1.0326027634485824,1.4002879782279574e-08,7.895744703629992e-14,0.05178075237187081,0.8766588177894609,fail,1577.890473477112,f,-8.250054966889116e-06,-1.973936175907498e-13,1.0326027634485824,4.125027483444558e-06,0.1295293008950316,9.86968087953749e-14,-0.8371368468643768,-1.4663014116889414e-10,1.0806511241412409e-10,TIMEOUT,
stage1_trto3_fixed_r1,stage1,trto3,fixed,fixed,1.0,1,120,100,completed,0,121.62241768836975,holygpu8a12501.rc.fas.harvard.edu,NVIDIA H200,1,0,0,36328,time_limit,120.1652208,0.06599055976,0.023038213,0.644338213,120.91049472600001,4.648061722,364,0.012769400335164834,0.00317570820257102,1,True,False,-1,-1,False,-1,-1,True,6580.0625,0,0,0,0,13347,,,,,,,,,,,,,,,,,0.640417598205,0.640417598205,0.630408117944,0.630408117944,0.630408117944,0.630408117944,True,NOT_VALIDATED,0.6270526185596467,0.016959492690377508,0.03719697304105146,0.6270526185596467,0.6270526185596467,7.691074671468185e-12,7.91878491346341e-14,0.03627285550647634,0.9571502160826669,fail,547.5200839257806,f,-3.6213336887577446e-08,-1.9796962283658524e-13,0.20625971842233226,1.8106668443788723e-08,0.04679230422786879,9.898481141829262e-14,-0.6270526185596467,-4.666046203340456e-12,NOT_VALIDATED,0.6304081179435829,0.014336315342865126,0.03649157696118047,0.6304081179435829,0.6304081179435829,5.476170381701684e-12,2.1161050093239574e-14,0.03564548851976306,0.9530117821562125,fail,600.4961766183246,f,-2.8857446528819432e-08,-5.290262523309893e-14,0.17435688789859088,1.4428723264409716e-08,0.045787316976550904,2.6451312616549466e-14,-0.6304081179435829,-2.7237627715309177e-12,4.0353276276050565e-11,TIMEOUT,
stage1_trto4_adaptive_r1,stage1,trto4,adaptive,legacy_adaptive,1.0,1,120,200,completed,0,122.32356309890747,holygpu8a12501.rc.fas.harvard.edu,NVIDIA H200,3.125,158,158,15924,time_limit,120.4641983,0.0687572211,0.104927049,0.790141965,121.458202214,5.335655299,80,0.0666956912375,0.007204669857824668,1,True,False,-1,-1,False,-1,-1,True,6618.0625,0,0,0,0,63292,,,,,,,,,,,,,,,,,1.09114129499,19.4446922591,0.607644110991,10.8285267871,0.607644110991,10.8285267871,True,NOT_VALIDATED,0.446821283475057,0.050955809332771544,0.11712876874468606,0.446821283475057,0.9080584117179127,3.028001553997762e-07,3.191537598572532e-15,0.04173987542454414,0.9990393486917546,fail,11.264462335133612,f,-1.8653596712060225e-05,-7.97884399643133e-15,0.9080584117179127,9.326798356030113e-06,0.15830865337686978,3.989421998215665e-15,-0.446821283475057,-1.3589672511922997e-07,NOT_VALIDATED,0.6076441109912633,0.6076441109912633,0.02314870102197531,0.3246138087069723,10.828526787064533,1.5453034937558588e-10,1.8524464001037734e-13,0.01693803434648717,0.9707496606879387,fail,372.4338169360101,f,-1.1602325220803728e-06,-4.631116000259433e-13,10.828526787064533,5.801162610401864e-07,0.036757758170145025,2.3155580001297167e-13,0.3246138087069723,-1.1417754600133193e-10,1.7912671346209663e-11,TIMEOUT,
stage1_trto4_fixed_r1,stage1,trto4,fixed,fixed,1.0,1,120,200,completed,0,122.32235026359558,holygpu8a12501.rc.fas.harvard.edu,NVIDIA H200,1,0,0,15951,time_limit,120.4286992,0.06920108944,0.025304023,0.920494258,121.469289181,5.298679331,80,0.0662334916375,0.007195011785342611,1,True,False,-1,-1,False,-1,-1,True,6618.0625,0,0,0,0,63292,,,,,,,,,,,,,,,,,0.666795527698,0.666795527698,0.660731408811,0.660731408811,0.660731408811,0.660731408811,True,NOT_VALIDATED,0.5590664937868786,0.07038639344473847,0.05143489069705816,0.5590664937868786,1.2543212928005694,1.5980915808215565e-07,8.81982846434317e-16,0.050067647290596075,0.9994037267598118,fail,6.612513128299533,f,-5.9720462791838345e-06,-2.2049571160857925e-15,1.2543212928005694,2.9860231395919173e-06,0.06629388030076697,1.1024785580428962e-15,-0.5590664937868786,-9.756934308180174e-08,NOT_VALIDATED,0.6607314088113919,0.021198397790234243,0.027712796961179002,0.6607314088113919,0.6607314088113919,5.56445095579655e-11,7.880732534150192e-15,0.02715464712307491,0.9904799639243963,fail,120.54058697073991,f,-7.92402349881901e-08,-1.970183133537548e-14,0.3777662190125324,3.962011749409505e-08,0.03521815370186638,9.85091566768774e-15,-0.6607314088113919,-1.480946016964361e-11,1.9943069418104642e-10,TIMEOUT,
stage1_trto5_adaptive_r1,stage1,trto5,adaptive,legacy_adaptive,1.0,1,120,500,completed,0,126.02631449699402,holygpu8a12501.rc.fas.harvard.edu,NVIDIA H200,0.5,107,107,4923,time_limit,122.4686836,0.09470681846,0.030467482,0.904421556,123.575941238,5.266662183,10,0.5266662183,0.023414871849278898,1,True,False,-1,-1,False,-1,-1,True,6896.0625,0,0,0,0,520156,,,,,,,,,,,,,,,,,0.439486805531,0.631180563027,0.504638668367,0.915828706731,0.504638668367,0.915828706731,True,NOT_VALIDATED,0.18686413756803377,0.029630140820443625,0.06011289038972854,0.18686413756803377,0.8632931791038063,1.355724589191041e-06,2.441303295168917e-15,0.027439971817463556,0.9997315078197474,fail,2.4369683994128324,f,-2.6806234486685637e-05,-6.103258237922293e-15,0.8632931791038063,1.3403117243342818e-05,0.07670756503855662,3.0516291189611463e-15,-0.18686413756803377,-3.234648272870898e-07,NOT_VALIDATED,0.5046386683665014,0.03143327690371359,0.03546308093994237,0.5046386683665014,0.9158287067314339,2.0313074275936668e-08,4.41473550869292e-15,0.02211051551047077,0.9991664167050475,fail,9.670699758687203,f,-2.7996761703036675e-06,-1.10368387717323e-14,0.9158287067314339,1.3998380851518337e-06,0.047562001718483904,5.51841938586615e-15,-0.5046386683665014,-4.203996768937672e-08,3.806288617624887e-12,TIMEOUT,
stage1_trto5_fixed_r1,stage1,trto5,fixed,fixed,1.0,1,120,500,completed,0,125.92682266235352,holygpu8a12501.rc.fas.harvard.edu,NVIDIA H200,1,0,0,4894,time_limit,122.4349456,0.09335081279,0.034828397,0.909666757,123.551375354,5.228833656,10,0.5228833656,0.02355800041642828,1,True,False,-1,-1,False,-1,-1,True,6894.0625,0,0,0,0,520156,,,,,,,,,,,,,,,,,0.546583119658,0.930823126591,0.585836064311,0.594325489893,0.585836064311,0.594325489893,True,NOT_VALIDATED,0.48547898782127635,0.058864031897518924,0.028165497166656388,0.48547898782127635,1.7150413674920946,2.4662656790408927e-08,2.0556436723288138e-15,0.027312006682378615,0.9995570839171624,fail,4.669768776404666,f,-1.0760725130816547e-06,-5.139109180822034e-15,1.7150413674920946,5.380362565408274e-07,0.03693566708105444,2.569554590411017e-15,-0.48547898782127635,-1.4752971059369941e-08,NOT_VALIDATED,0.5858360643109978,0.020398571869850238,0.01895796097618608,0.5858360643109978,0.5943254898927216,2.0645355324562712e-10,3.921558830165631e-15,0.018642525985460727,0.9986669047449945,fail,16.06495235932512,f,-5.330447678137976e-08,-9.803897075414077e-15,0.5943254898927216,2.665223839068988e-08,0.024182082225646762,4.901948537707039e-15,-0.5858360643109978,-1.4943098792005056e-10,4.920945873010396e-10,TIMEOUT,
stage1_vibra1_adaptive_r1,stage1,vibra1,adaptive,legacy_adaptive,1.0,1,120,100,completed,0,41.12865209579468,holygpu8a12501.rc.fas.harvard.edu,NVIDIA H200,6.25,206,206,68700,strict_validated,39.36314417,0.0607290566,0.055990152,0.888227251,40.377540313000004,0.159278123,689,0.00023117289259796806,0.0005706491689228529,1,True,True,52919,30.34851885,True,68700,39.36312358,False,6566.0625,0,0,0,0,271,43000,24.669743466,52919,30.348512317999997,62800,35.994638688,68300,39.136056806,43100,24.727351952,53500,30.678344646,63400,36.335136735,68700,39.36311659,8.32582987021e-07,8.32582987021e-07,8.32582987021e-07,8.32582987021e-07,8.32582987021e-07,8.32582987021e-07,True,STRICT_VALIDATED,8.32582987047667e-07,2.148997580037288e-07,5.063665552625573e-08,8.32582987047667e-07,8.32582987047667e-07,5.582833744358266e-16,1.4575493782402957e-16,6.217287435483121e-09,3.4556964901221786e-08,pass,40.81901144513806,clean,-8.541876038923914e-14,-3.6439706134000523e-16,7.521491530130507e-07,4.270938019461957e-14,7.61393546909806e-08,1.8219853067000262e-16,8.32582987047667e-07,8.259476985556613e-13,,,,,,,,,,,,,,,,,,,,,,4.7666990864972565e-17,STRICT_VALIDATED,
stage1_vibra1_fixed_r1,stage1,vibra1,fixed,fixed,1.0,1,120,100,completed,0,122.1679618358612,holygpu8a12501.rc.fas.harvard.edu,NVIDIA H200,1,0,0,210060,time_limit,120.0656459,0.06014255807,0.015095072,0.659772833,120.804483705,0.49993025,2101,0.0002379487148976678,0.0005688845565552699,1,True,False,-1,-1,False,-1,-1,False,6566.0625,0,0,0,0,271,,,,,,,,,,,,,,,,,0.00318275392383,0.00318275392383,0.00123548731313,0.00123548731313,0.00123548731313,0.00123548731313,True,NOT_VALIDATED,0.0012354873131332669,3.1139871723213696e-06,4.383477617574224e-05,0.0012354873131332669,0.0012354873131332669,3.928330855567407e-16,0.0,4.379171694239896e-05,3.381799196448777e-05,fail,40.817595765055856,a,-2.0443835732801455e-13,0.0,1.0898955103124793e-05,1.0221917866400727e-13,5.6125169347320654e-05,0.0,-0.0012354873131332669,1.7175274203068813e-13,NOT_VALIDATED,0.0012354873131332669,3.1139871723213696e-06,4.383477617574224e-05,0.0012354873131332669,0.0012354873131332669,3.928330855567407e-16,0.0,4.379171694239896e-05,3.381799196448777e-05,fail,40.817595765055856,a,-2.0443835732801455e-13,0.0,1.0898955103124793e-05,1.0221917866400727e-13,5.6125169347320654e-05,0.0,-0.0012354873131332669,1.7175274203068813e-13,1.3326687843540075e-13,TIMEOUT,
stage1_vibra2_adaptive_r1,stage1,vibra2,adaptive,legacy_adaptive,1.0,1,120,100,completed,0,121.6719925403595,holygpu8a12501.rc.fas.harvard.edu,NVIDIA H200,50,221,221,59862,time_limit,120.088259,0.06065648049,0.060613028,0.701657631,120.925303159,0.891876695,599,0.0014889427295492487,0.0019897506774080387,1,True,False,-1,-1,False,-1,-1,True,6572.0625,0,0,0,0,1429,,,,,,,,,,,,,,,,,4.40592232543,28.6384951153,0.999142022138,4.06990294399,0.999142022138,4.06990294399,True,NOT_VALIDATED,0.11642110568848517,0.11642110568848517,0.05276495171337026,0.09621708862490276,0.7567371869751536,1.17731569575728e-10,1.3776939686926821e-14,0.048465839962080745,0.7259767980137993,fail,44.766067286685896,f,-1.471438902567717e-07,-3.444235840194147e-14,0.7567371869751536,7.357194512838585e-08,0.08132362847948182,1.7221179200970735e-14,0.09621708862490276,-1.4926052454276173e-11,NOT_VALIDATED,0.9991420221381437,0.626138914460675,0.001112583902066457,0.9991420221381437,4.0699029439943875,3.713484473653745e-10,0.0,0.0010987560300490186,0.990946345498151,fail,0.5120988227226674,f,-1.2733194352194646e-07,0.0,4.0699029439943875,6.366597176097323e-08,0.0014298389089758207,0.0,0.9991420221381437,-2.679792123459549e-10,2.4846458224203616e-11,TIMEOUT,
stage1_vibra2_fixed_r1,stage1,vibra2,fixed,fixed,1.0,1,120,100,completed,0,121.62134981155396,holygpu8a12501.rc.fas.harvard.edu,NVIDIA H200,1,0,0,61149,time_limit,120.0847826,0.06158489734,0.022310169,0.663514863,120.840350832,0.871974671,612,0.0014247952140522876,0.0019481817246725212,1,True,False,-1,-1,False,-1,-1,True,6572.0625,0,0,0,0,1429,51100,100.26657028199999,,,,,,,,,,,,,,,0.0330897718931,0.0793051987003,0.001509977225,0.00414886135971,0.001509977225,0.00414886135971,True,NOT_VALIDATED,0.0008931027734647726,0.0008757333012131712,0.0008931027734647726,0.00025856199841511266,0.005692266457885613,1.6113061435054669e-12,7.473279133586476e-16,0.0005613516921052643,0.22598701032158938,fail,128.27201167503665,a,-3.315119636022301e-10,-1.8683202816151173e-15,0.005692266457885613,1.6575598180111504e-10,0.0014068518408328287,9.341601408075586e-16,0.00025856199841511266,9.294044996893666e-13,NOT_VALIDATED,0.0015099772249962658,0.0006382863630326554,0.0008703486736067224,0.0015099772249962658,0.00414886135971226,8.676174916257355e-13,1.3238289445450961e-15,0.0005610998694007544,0.22223636919238357,fail,128.8984261284233,a,-1.9331001951599642e-10,-3.3095732439151735e-15,0.00414886135971226,9.665500975799821e-11,0.0013128333800810855,1.6547866219575868e-15,-0.0015099772249962658,4.205952553471056e-13,1.1438766600591066e-13,TIMEOUT,
stage1_vibra3_adaptive_r1,stage1,vibra3,adaptive,legacy_adaptive,1.0,1,120,200,completed,0,121.77253222465515,holygpu8a12501.rc.fas.harvard.edu,NVIDIA H200,100,167,167,25505,time_limit,120.2517925,0.06314249337,0.024540279,0.637024861,120.99335224,2.060606463,128,0.0160984879921875,0.004624947576279161,1,True,False,-1,-1,False,-1,-1,True,6592.0625,0,0,0,0,8797,,,,,,,,,,,,,,,,,4.38255017969,53.3001536389,0.99921427247,8.06464470306,0.99921427247,8.06464470306,True,NOT_VALIDATED,0.33708897626706297,0.05792628578163724,0.05352601644830566,0.33708897626706297,0.7044939145703948,1.592691688483748e-05,1.9889312759637375e-14,0.030783570389780343,0.810249971345123,fail,31.94307172485914,f,-4.1771142114316284e-05,-4.9723295158632325e-14,0.7044939145703948,2.0885571057158142e-05,0.07897615294843514,2.4861647579316163e-14,-0.33708897626706297,-3.1831984147769025e-08,NOT_VALIDATED,0.9992142724703982,0.6631070959384356,0.0020887700789129706,0.9992142724703982,8.06464470306439,4.499330929948231e-09,2.3217246464209645e-13,0.0020062483495079638,0.9937540639385563,fail,0.08437569743542708,f,-1.8586630565038052e-05,-5.804313163868498e-13,8.06464470306439,9.293315282519026e-06,0.0033292659648436022,2.902156581934249e-13,0.9992142724703982,-1.7857175658061898e-09,2.9605207174654424e-11,TIMEOUT,
stage1_vibra3_fixed_r1,stage1,vibra3,fixed,fixed,1.0,1,120,200,completed,0,121.77785468101501,holygpu8a12501.rc.fas.harvard.edu,NVIDIA H200,1,0,0,25491,time_limit,120.2269349,0.0630254373,0.092902304,0.648151486,121.05291289,1.890224957,128,0.0147673824765625,0.004634072375230473,1,True,False,-1,-1,False,-1,-1,True,6592.0625,0,0,0,0,8797,,,,,,,,,,,,,,,,,0.36196209421,0.36196209421,0.355128356921,0.355128356921,0.355128356921,0.355128356921,True,NOT_VALIDATED,0.35504351636543585,0.012722664312319018,0.014761251212528663,0.35504351636543585,0.35504351636543585,1.2164494451252748e-09,1.7764821587842544e-14,0.014028900110144639,0.45507328113219003,fail,93.60636244279709,f,-2.88986449296049e-08,-4.4412065812818116e-14,0.15473181931495403,1.444932246480245e-08,0.018910248858635615,2.2206032906409058e-14,-0.35504351636543585,-6.447568532915343e-12,NOT_VALIDATED,0.35512835692111516,0.012603806641880764,0.014718806521280398,0.35512835692111516,0.35512835692111516,3.908981339402202e-09,3.1115793304813075e-14,0.013987949813686834,0.4524993554206895,fail,94.05322940734784,f,-4.714216092226306e-08,-7.778950400589028e-14,0.15328628376241724,2.357108046113153e-08,0.0189254882333281,3.889475200294514e-14,-0.35512835692111516,-6.427274628601812e-12,3.456412933644515e-11,TIMEOUT,
stage1_vibra4_adaptive_r1,stage1,vibra4,adaptive,legacy_adaptive,1.0,1,120,200,completed,0,122.82638573646545,holygpu8a12501.rc.fas.harvard.edu,NVIDIA H200,0.048828125,146,146,8610,time_limit,120.6946554,0.07085990161,0.029654357,0.899550167,121.739133424,3.370423439,44,0.07660053270454546,0.013554645945644598,1,True,False,-1,-1,False,-1,-1,True,6672.0625,0,0,0,0,27247,,,,,,,,,,,,,,,,,0.279971924959,0.881484418717,0.772103840398,10.7793175063,0.772103840398,10.7793175063,True,NOT_VALIDATED,0.27997192495886547,0.04946460645079919,0.029050536860587055,0.27997192495886547,0.881484418717234,8.45940049249352e-05,3.717919460253537e-15,0.01947287193052956,0.9210814708746307,fail,12.148876568723898,f,-0.0001754137264879201,-9.294801129246265e-15,0.881484418717234,8.770686324396006e-05,0.04422752146061935,4.647400564623132e-15,-0.27997192495886547,-2.258051701107552e-08,NOT_VALIDATED,0.7721038403982677,0.6048827261535316,0.7721038403982677,0.6728364162938815,10.77931750626365,2.320647682510774e-08,4.323009065193676e-14,0.010144049809088194,0.6575445990831702,fail,56.05762444957604,f,-8.704953232261101e-07,-1.0807525544989591e-13,10.77931750626365,4.3524766161305505e-07,1.030772942331089,5.403762772494796e-14,0.6728364162938815,-3.890965465335237e-09,1.7233992011256305e-11,TIMEOUT,
stage1_vibra4_fixed_r1,stage1,vibra4,fixed,fixed,1.0,1,120,200,completed,0,122.9744782447815,holygpu8a12501.rc.fas.harvard.edu,NVIDIA H200,1,0,0,8622,time_limit,120.7045459,0.06973990798,0.161544898,0.875531233,121.86239353100001,3.381101895,44,0.07684322488636364,0.013535666183600093,1,True,False,-1,-1,False,-1,-1,True,6672.0625,0,0,0,0,27247,,,,,,,,,,,,,,,,,0.350882217035,0.455314933302,0.347591493234,0.347591493234,0.347591493234,0.347591493234,True,NOT_VALIDATED,0.3436919772047144,0.019045665319906986,0.015101988145906419,0.3436919772047144,0.3436919772047144,6.097889979913236e-08,5.445295600883375e-15,0.014240450530436335,0.873782092699142,fail,20.029582054490046,f,-1.4533561733013012e-07,-1.3613242632404697e-14,0.33940343264026807,7.266780866506506e-08,0.019415885473532644,6.8066213162023486e-15,-0.3436919772047144,-1.2959863493530669e-10,NOT_VALIDATED,0.3475914932337915,0.014899525199429654,0.013612470887846959,0.3475914932337915,0.3475914932337915,1.0019600452006662e-07,4.6174538076328724e-15,0.012959629063458692,0.8548994130783287,fail,23.175687618956488,f,-2.0296548012497107e-07,-1.1543637597384035e-14,0.2655171091403645,1.0148274006248553e-07,0.017411530075588617,5.7718187986920175e-15,-0.3475914932337915,-1.9935581640515823e-11,4.7143955406170335e-12,TIMEOUT,
stage1_vibra5_adaptive_r1,stage1,vibra5,adaptive,legacy_adaptive,1.0,1,120,500,completed,0,129.98203253746033,holygpu8a12501.rc.fas.harvard.edu,NVIDIA H200,0.25,82,82,2624,time_limit,124.3815002,0.09581094235,0.251235334,0.864775905,125.756743039,3.921227337,6,0.6535378895,0.044484069177210366,1,True,False,-1,-1,False,-1,-1,True,7222.0625,0,0,0,0,107950,,,,,,,,,,,,,,,,,0.271611968443,0.852108615064,0.269108179321,0.57158424868,0.269108179321,0.57158424868,True,NOT_VALIDATED,0.24779606709527832,0.01938909802242354,0.03292320034873521,0.24779606709527832,0.564913821137983,3.9015092662383347e-07,3.921170633878224e-15,0.020271481706710105,0.9709300247061243,fail,3.8518631794762097,f,-5.788294636085666e-07,-9.802929198808734e-15,0.564913821137983,2.894147318042833e-07,0.04769627748924605,4.901464599404367e-15,-0.24779606709527832,-8.330302858334117e-09,NOT_VALIDATED,0.2691081793214473,0.019618041922588838,0.0345734207521167,0.2691081793214473,0.5715842486802564,8.839875173036712e-07,5.0285412721883025e-15,0.02126219515923018,0.9692889185166724,fail,4.1257685617036675,f,-1.112913175133555e-06,-1.257135653283086e-14,0.5715842486802564,5.564565875667775e-07,0.05005956003542649,6.28567826641543e-15,-0.2691081793214473,-2.5900414539800078e-08,3.798306114077832e-11,TIMEOUT,
stage1_vibra5_fixed_r1,stage1,vibra5,fixed,fixed,1.0,1,120,500,completed,0,129.93270993232727,holygpu8a12501.rc.fas.harvard.edu,NVIDIA H200,1,0,0,2640,time_limit,124.425517,0.09680835158,0.041134604,0.883094187,125.60231409100001,3.849882064,6,0.6416470106666666,0.044254360920454545,1,True,False,-1,-1,False,-1,-1,False,7222.0625,0,0,0,0,107950,,,,,,,,,,,,,,,,,0.403265990831,3.25060336868,0.333696085375,1.47765413651,0.333696085375,1.47765413651,True,NOT_VALIDATED,0.3336960853752004,0.05071637446984547,0.014027602818130721,0.3336960853752004,1.4776541365096518,4.839479192993213e-08,3.616675634258092e-15,0.012734754653699274,0.9488694205026379,fail,7.533841996790266,f,-2.8901105031723424e-07,-9.041691496761784e-15,1.4776541365096518,1.4450552515861712e-07,0.018848779387803282,4.520845748380892e-15,-0.3336960853752004,-7.088010084776769e-10,NOT_VALIDATED,0.3336960853752004,0.05071637446984547,0.014027602818130721,0.3336960853752004,1.4776541365096518,4.839479192993213e-08,3.616675634258092e-15,0.012734754653699274,0.9488694205026379,fail,7.533841996790266,f,-2.8901105031723424e-07,-9.041691496761784e-15,1.4776541365096518,1.4450552515861712e-07,0.018848779387803282,4.520845748380892e-15,-0.3336960853752004,-7.088010084776769e-10,4.903482064833042e-10,TIMEOUT,
