dataset,family,source_archive_url,download_time,archive_sha256,original_filename,file_bytes,file_sha256,file_date_in_archive,license,plato_mirror,on_plato_benchmark_page,constraints_m,sdpa_nblock,sdpa_block_structure,psd_block_sizes,n_psd_blocks,max_psd_block,lp_blocks,one_by_one_psd_blocks_as_l,free_variables,cuadmm_vec_len,nnz_A,nnz_C,nnz_b,explicit_zeros_dropped,lower_triangle_entries_mirrored,duplicate_entries,blocks_untouched_by_A,est_gpu_mib_dense_psd,est_host_mib_problem,full_row_rank,rank_note,conversion_checks_passed,published_objective,published_objective_text,published_digits,reference_resolution_rel,reference_source
buck1,buck,https://web.mat.bham.ac.uk/kocvara/pennon/problems/buck.zip,2026-09-29T18:11:19-04:00,922ff62467cda9d9f378f00b2ef4d0d521020f09dd0cf9e1126ce888122386cf,buck1.dat-s,17644,5afafa903c42809b9d6b79270caaa88741c1ec05d5d77ec309f4812d4be6bb54,2007-11-13,none stated on the source page (academic test problems; cite Kocvara and the references on the page),not mirrored on PLATO,False,36,3,24 25 -36,25 24,2,25,36,0,none,661,445,2,36,23,0,0,0,0.1,0.0,True,,True,14.64192,14.64192,7,3.1965385323540844e-07,PENSDP (Kocvara page); large problems may differ from SDPT3/MOSEK in the 5th-6th digit
buck2,buck,https://web.mat.bham.ac.uk/kocvara/pennon/problems/buck.zip,2026-09-29T18:11:19-04:00,922ff62467cda9d9f378f00b2ef4d0d521020f09dd0cf9e1126ce888122386cf,buck2.dat-s,78232,b01a841e77264d8534563fc701322e51280a076f4e1eb4cdb231b00e04da1826,2007-11-13,none stated on the source page (academic test problems; cite Kocvara and the references on the page),not mirrored on PLATO,False,144,3,96 97 -144,97 96,2,97,144,0,none,9553,1993,2,144,95,0,0,0,1.1,0.5,True,,True,292.3683,292.3683,7,1.704342289197572e-07,PENSDP (Kocvara page); large problems may differ from SDPT3/MOSEK in the 5th-6th digit
buck3,buck,https://web.mat.bham.ac.uk/kocvara/pennon/problems/buck.zip,2026-09-29T18:11:19-04:00,922ff62467cda9d9f378f00b2ef4d0d521020f09dd0cf9e1126ce888122386cf,buck3.dat-s,304926,f5845f248b62de523340b74cfd79d38411c99e2664e7370bda113406f7e3a392,2007-11-13,none stated on the source page (academic test problems; cite Kocvara and the references on the page),identical bytes,False,544,3,320 321 -544,321 320,2,321,544,0,none,103585,7831,2,544,319,0,0,0,12.5,4.9,True,,True,607.6055,607.6055,7,8.21550248888648e-08,PENSDP (Kocvara page); large problems may differ from SDPT3/MOSEK in the 5th-6th digit
buck4,buck,https://web.mat.bham.ac.uk/kocvara/pennon/problems/buck.zip,2026-09-29T18:11:19-04:00,922ff62467cda9d9f378f00b2ef4d0d521020f09dd0cf9e1126ce888122386cf,buck4.dat-s,698158,8e0da9a58f70a206b9e989649c6c5895d33252eea2272035365181d757422c7b,2007-11-13,none stated on the source page (academic test problems; cite Kocvara and the references on the page),identical bytes,False,1200,3,672 673 -1200,673 672,2,673,1200,0,none,454129,17509,2,1200,671,0,0,0,55.2,21.1,True,,True,486.1421,486.1421,7,1.0263945571528308e-07,PENSDP (Kocvara page); large problems may differ from SDPT3/MOSEK in the 5th-6th digit
buck5,buck,https://web.mat.bham.ac.uk/kocvara/pennon/problems/buck.zip,2026-09-29T18:11:19-04:00,922ff62467cda9d9f378f00b2ef4d0d521020f09dd0cf9e1126ce888122386cf,buck5.dat-s,1875120,2266d91b91aee16875b644277a746177a003191440a8d4effcf1c3245f892e54,2007-11-13,none stated on the source page (academic test problems; cite Kocvara and the references on the page),identical bytes,True,3280,3,1760 1761 -3280,1761 1760,2,1761,3280,0,none,3104401,48385,2,3280,1759,0,0,0,378.3,142.8,True,,True,436.239,436.2390,7,1.1435393457582697e-07,PENSDP (Kocvara page); large problems may differ from SDPT3/MOSEK in the 5th-6th digit
mater-1,mater,https://web.mat.bham.ac.uk/kocvara/pennon/problems/mater.zip,2026-09-29T18:10:51-04:00,98ed3416329d72ab37e031e638b669788d36386e5beda32259631df890b2eeac,mater-1.dat-s,99025,fcff404a3d862660c032d08157f47e4e30ef5c2ebc774bb35c159f002fc3277a,2007-11-13,none stated on the source page (academic test problems; cite Kocvara and the references on the page),not mirrored on PLATO,False,103,22,"22 blocks: 20 x 11, 2 x 1",11,20,11,none,2,none,1322,2655,1,3,0,0,0,0,0.1,0.1,True,,True,-143.4654,-1.434654e+02,7,3.461036345034867e-07,PENSDP (Kocvara page); large problems may differ from SDPT3/MOSEK in the 5th-6th digit
mater-2,mater,https://web.mat.bham.ac.uk/kocvara/pennon/problems/mater.zip,2026-09-29T18:10:51-04:00,98ed3416329d72ab37e031e638b669788d36386e5beda32259631df890b2eeac,mater-2.dat-s,481957,8363e24e413b65ede26f53c375f5e137dc14fd46c145dd0758fec3a0b314ab23,2007-11-13,none stated on the source page (academic test problems; cite Kocvara and the references on the page),not mirrored on PLATO,False,423,94,"94 blocks: 92 x 11, 2 x 1",11,92,11,none,2,none,6074,12599,1,3,0,0,0,0,0.7,0.5,True,,True,-141.5919,-1.415919e+02,7,3.5065105381161203e-07,PENSDP (Kocvara page); large problems may differ from SDPT3/MOSEK in the 5th-6th digit
mater-3,mater,https://web.mat.bham.ac.uk/kocvara/pennon/problems/mater.zip,2026-09-29T18:10:51-04:00,98ed3416329d72ab37e031e638b669788d36386e5beda32259631df890b2eeac,mater-3.dat-s,1785873,92af9eb1686081d74d670b4c28d2dafd25e55695cef9fb1d2a795bfc6d3be3eb,2007-11-13,none stated on the source page (academic test problems; cite Kocvara and the references on the page),identical bytes,False,1439,328,"328 blocks: 326 x 11, 2 x 1",11,326,11,none,2,none,21518,45189,1,3,0,0,0,0,2.4,1.7,True,,True,-133.9163,-1.339163e+02,7,3.7060014245869474e-07,PENSDP (Kocvara page); large problems may differ from SDPT3/MOSEK in the 5th-6th digit
mater-4,mater,https://web.mat.bham.ac.uk/kocvara/pennon/problems/mater.zip,2026-09-29T18:10:51-04:00,98ed3416329d72ab37e031e638b669788d36386e5beda32259631df890b2eeac,mater-4.dat-s,6362857,0818c5dbe0f130845caa0dab772110c6cde48c7717f74f3ed9ea7a0082d81cbd,2007-11-13,none stated on the source page (academic test problems; cite Kocvara and the references on the page),identical bytes,False,4807,1138,"1138 blocks: 1136 x 11, 2 x 1",11,1136,11,none,2,none,74978,157779,1,3,0,0,0,0,8.4,5.8,True,,True,-134.2627,-1.342627e+02,7,3.696510567954063e-07,PENSDP (Kocvara page); large problems may differ from SDPT3/MOSEK in the 5th-6th digit
mater-5,mater,https://web.mat.bham.ac.uk/kocvara/pennon/problems/mater.zip,2026-09-29T18:10:51-04:00,98ed3416329d72ab37e031e638b669788d36386e5beda32259631df890b2eeac,mater-5.dat-s,13900137,3daf7178b99015811ef28e7a006b35dec079162bfadc396e9fbf031e73832b17,2007-11-13,none stated on the source page (academic test problems; cite Kocvara and the references on the page),identical bytes,False,10143,2440,"2440 blocks: 2438 x 11, 2 x 1",11,2438,11,none,2,none,160910,338757,1,3,0,0,0,0,18.0,12.5,,m > 6000: from the CHOLMOD factorization report of cuADMM init,True,-133.8016,-1.338016e+02,7,3.709154787480267e-07,PENSDP (Kocvara page); large problems may differ from SDPT3/MOSEK in the 5th-6th digit
mater-6,mater,https://web.mat.bham.ac.uk/kocvara/pennon/problems/mater.zip,2026-09-29T18:10:51-04:00,98ed3416329d72ab37e031e638b669788d36386e5beda32259631df890b2eeac,mater-6.dat-s,28822709,4c8496bbaff42a602f2cdd17201731b1bfd38dd3ccb5796a45937d532c1c3886,2007-11-13,none stated on the source page (academic test problems; cite Kocvara and the references on the page),identical bytes,True,20463,4968,"4968 blocks: 4966 x 11, 2 x 1",11,4966,11,none,2,none,327758,690149,1,3,0,0,0,0,36.7,25.5,,m > 6000: from the CHOLMOD factorization report of cuADMM init,True,-133.5387,-1.335387e+02,7,3.71640278968059e-07,PENSDP (Kocvara page); large problems may differ from SDPT3/MOSEK in the 5th-6th digit
shmup1,shmup,https://web.mat.bham.ac.uk/kocvara/pennon/problems/shmup.zip,2026-09-29T18:11:20-04:00,8463d1822642051f7d27f39085497a2d676cbdfae9274ac3e0e9527cccf290cc,shmup1.dat-s,44244,f433b499b5f8d8f4bcb44e4963679f368d42376d3858c370c4aae533254872e2,2007-11-13,none stated on the source page (academic test problems; cite Kocvara and the references on the page),not mirrored on PLATO,False,16,3,41 40 -32,41 40,2,41,32,0,none,1713,928,19,16,102,0,0,0,0.2,0.1,True,,True,188.4148,188.4148,7,2.6397092518641625e-07,PENSDP (Kocvara page); large problems may differ from SDPT3/MOSEK in the 5th-6th digit
shmup2,shmup,https://web.mat.bham.ac.uk/kocvara/pennon/problems/shmup.zip,2026-09-29T18:11:20-04:00,8463d1822642051f7d27f39085497a2d676cbdfae9274ac3e0e9527cccf290cc,shmup2.dat-s,637115,7ec4747c6fde05748ae86f4508af433a117ea3962a951fdae145b0abbc9a5563,2007-11-13,none stated on the source page (academic test problems; cite Kocvara and the references on the page),not mirrored on PLATO,False,200,3,441 440 -400,441 440,2,441,400,0,none,194881,12740,203,200,2178,0,0,0,23.7,9.1,True,,True,3462.427,3462.427,7,1.443656817366152e-07,PENSDP (Kocvara page); large problems may differ from SDPT3/MOSEK in the 5th-6th digit
shmup3,shmup,https://web.mat.bham.ac.uk/kocvara/pennon/problems/shmup.zip,2026-09-29T18:11:20-04:00,8463d1822642051f7d27f39085497a2d676cbdfae9274ac3e0e9527cccf290cc,shmup3.dat-s,1352133,597ac2b4ab14a68598111c76d22725ecac32db3934f2f4d15ce6511e55403d05,2007-11-13,none stated on the source page (academic test problems; cite Kocvara and the references on the page),identical bytes,False,420,3,901 900 -840,901 900,2,901,840,0,none,812641,30352,423,420,1318,0,0,0,99.0,37.7,True,,True,2098.838,2098.838,7,2.381136068591958e-07,PENSDP (Kocvara page); large problems may differ from SDPT3/MOSEK in the 5th-6th digit
shmup4,shmup,https://web.mat.bham.ac.uk/kocvara/pennon/problems/shmup.zip,2026-09-29T18:11:20-04:00,8463d1822642051f7d27f39085497a2d676cbdfae9274ac3e0e9527cccf290cc,shmup4.dat-s,2588550,b97dd573542952fc40080eec7150f8d54d2cc5066d729e71c9ad83d839bedcd4,2007-11-13,none stated on the source page (academic test problems; cite Kocvara and the references on the page),identical bytes,True,800,3,1681 1680 -1600,1681 1680,2,1681,1600,0,none,2827361,51880,803,800,8758,0,0,0,344.7,130.2,True,,True,7992.534,7992.534,7,6.255055648728086e-08,PENSDP (Kocvara page); large problems may differ from SDPT3/MOSEK in the 5th-6th digit
shmup5,shmup,https://web.mat.bham.ac.uk/kocvara/pennon/problems/shmup.zip,2026-09-29T18:11:20-04:00,8463d1822642051f7d27f39085497a2d676cbdfae9274ac3e0e9527cccf290cc,shmup5.dat-s,5854391,d80ccfb3c659c20dc733901b376482b0ebbfffc356c773affa2f10b333db77ce,2007-11-13,none stated on the source page (academic test problems; cite Kocvara and the references on the page),identical bytes,True,1800,3,3721 3720 -3600,3721 3720,2,3721,3600,0,none,13849441,117420,1803,1800,19738,0,0,0,1689.7,635.8,True,,True,23858.867,23858.867,8,2.0955690993583494e-08,PENSDP (Kocvara page); large problems may differ from SDPT3/MOSEK in the 5th-6th digit
trto1,trto,https://web.mat.bham.ac.uk/kocvara/pennon/problems/trto.zip,2026-09-29T18:11:20-04:00,5043e2b123c61269eaa795188f9c2f715ebfc28d2a52520e64dcb839060b8b4e,trto1.dat-s,9387,42cda1620baa986a0d594b661166ac497bd531f88e960d1d610d0a80b0de9425,2002-02-07,none stated on the source page (academic test problems; cite Kocvara and the references on the page),not mirrored on PLATO,False,36,2,25 -36,25,1,25,36,0,none,361,222,2,36,23,0,0,0,0.0,0.0,True,,True,1.1045,1.1045 (exact value),exact,0.0,PENSDP (Kocvara page); large problems may differ from SDPT3/MOSEK in the 5th-6th digit
trto2,trto,https://web.mat.bham.ac.uk/kocvara/pennon/problems/trto.zip,2026-09-29T18:11:20-04:00,5043e2b123c61269eaa795188f9c2f715ebfc28d2a52520e64dcb839060b8b4e,trto2.dat-s,41115,9cea0635611b6c80bd80a8e9b0781dd9ffcc2ad263e186b3dc533606503a16d9,2007-11-13,none stated on the source page (academic test problems; cite Kocvara and the references on the page),not mirrored on PLATO,False,144,2,97 -144,97,1,97,144,0,none,4897,990,2,144,95,0,0,0,0.6,0.2,True,,True,1.28,1.28 (exact value),exact,0.0,PENSDP (Kocvara page); large problems may differ from SDPT3/MOSEK in the 5th-6th digit
trto3,trto,https://web.mat.bham.ac.uk/kocvara/pennon/problems/trto.zip,2026-09-29T18:11:20-04:00,5043e2b123c61269eaa795188f9c2f715ebfc28d2a52520e64dcb839060b8b4e,trto3.dat-s,159547,c1a8651321d366d40f45d6d1cbb9b8b54ff679994ba5482aeaa3f4c40dc773ab,2007-11-13,none stated on the source page (academic test problems; cite Kocvara and the references on the page),identical bytes,False,544,2,321 -544,321,1,321,544,0,none,52225,3902,2,544,319,0,0,0,6.3,2.5,True,,True,1.28,1.28 (exact value),exact,0.0,PENSDP (Kocvara page); large problems may differ from SDPT3/MOSEK in the 5th-6th digit
trto4,trto,https://web.mat.bham.ac.uk/kocvara/pennon/problems/trto.zip,2026-09-29T18:11:20-04:00,5043e2b123c61269eaa795188f9c2f715ebfc28d2a52520e64dcb839060b8b4e,trto4.dat-s,355291,2d8090d765b4751b1117419b0b4af253ba0e05c3e1670bc8c97678cb0995ea36,2007-11-13,none stated on the source page (academic test problems; cite Kocvara and the references on the page),identical bytes,True,1200,2,673 -1200,673,1,673,1200,0,none,228001,8734,2,1200,671,0,0,0,27.6,10.6,True,,True,1.276582,1.276582,7,2.1962749419963783e-07,PENSDP (Kocvara page); large problems may differ from SDPT3/MOSEK in the 5th-6th digit
trto5,trto,https://web.mat.bham.ac.uk/kocvara/pennon/problems/trto.zip,2026-09-29T18:11:20-04:00,5043e2b123c61269eaa795188f9c2f715ebfc28d2a52520e64dcb839060b8b4e,trto5.dat-s,1004638,2e9121db50d279bf047b15f022a2a412c7ea646e567ffc90eb32eac3f8cc9ae2,2007-11-13,none stated on the source page (academic test problems; cite Kocvara and the references on the page),identical bytes,True,3280,2,1761 -3280,1761,1,1761,3280,0,none,1554721,24158,2,3280,1759,0,0,0,189.3,71.5,True,,True,1.28,1.28 (exact value),exact,0.0,PENSDP (Kocvara page); large problems may differ from SDPT3/MOSEK in the 5th-6th digit
vibra1,vibra,https://web.mat.bham.ac.uk/kocvara/pennon/problems/vibra.zip,2026-09-29T18:11:21-04:00,bf1a0d005c62df7ebfd5406381d9d21cba0a7c5c64d3be986ebc1d3103d6ef37,vibra1.dat-s,17720,9ccc14e98909ba7c3717850089925da377db12c38c45af6ac22741dd1ca2b11b,2007-11-13,none stated on the source page (academic test problems; cite Kocvara and the references on the page),not mirrored on PLATO,False,36,3,24 25 -36,25 24,2,25,36,0,none,661,445,4,36,23,0,0,0,0.1,0.0,True,,True,40.81901,40.81901,7,1.1956284952704524e-07,PENSDP (Kocvara page); large problems may differ from SDPT3/MOSEK in the 5th-6th digit
vibra2,vibra,https://web.mat.bham.ac.uk/kocvara/pennon/problems/vibra.zip,2026-09-29T18:11:21-04:00,bf1a0d005c62df7ebfd5406381d9d21cba0a7c5c64d3be986ebc1d3103d6ef37,vibra2.dat-s,78308,8dc2b84699bc547f450be1a6edc2ec9647c8a37b1a7c373639054403aa6f2ceb,2007-11-13,none stated on the source page (academic test problems; cite Kocvara and the references on the page),not mirrored on PLATO,False,144,3,96 97 -144,97 96,2,97,144,0,none,9553,1993,4,144,95,0,0,0,1.1,0.5,True,,True,166.0153,166.0153,7,2.9937376994802275e-07,PENSDP (Kocvara page); large problems may differ from SDPT3/MOSEK in the 5th-6th digit
vibra3,vibra,https://web.mat.bham.ac.uk/kocvara/pennon/problems/vibra.zip,2026-09-29T18:11:21-04:00,bf1a0d005c62df7ebfd5406381d9d21cba0a7c5c64d3be986ebc1d3103d6ef37,vibra3.dat-s,305002,ae42abc0fdeae54f8612ada4ee1790e81a72a0f4c9641443318fdda5e6102eed,2007-11-13,none stated on the source page (academic test problems; cite Kocvara and the references on the page),identical bytes,False,544,3,320 321 -544,321 320,2,321,544,0,none,103585,7831,4,544,319,0,0,0,12.5,4.9,True,,True,172.613,172.6130,7,2.879968665940915e-07,PENSDP (Kocvara page); large problems may differ from SDPT3/MOSEK in the 5th-6th digit
vibra4,vibra,https://web.mat.bham.ac.uk/kocvara/pennon/problems/vibra.zip,2026-09-29T18:11:21-04:00,bf1a0d005c62df7ebfd5406381d9d21cba0a7c5c64d3be986ebc1d3103d6ef37,vibra4.dat-s,680048,d67f32ab4d48c2c86a6e0174032c0249542127d77ea2229d33588f3133acd468,2007-11-13,none stated on the source page (academic test problems; cite Kocvara and the references on the page),identical bytes,True,1200,3,672 673 -1200,673 672,2,673,1200,0,none,454129,17509,4,1200,671,0,0,0,55.2,21.1,True,,True,165.6133,165.6133,7,3.00096090768264e-07,PENSDP (Kocvara page); large problems may differ from SDPT3/MOSEK in the 5th-6th digit
vibra5,vibra,https://web.mat.bham.ac.uk/kocvara/pennon/problems/vibra.zip,2026-09-29T18:11:21-04:00,bf1a0d005c62df7ebfd5406381d9d21cba0a7c5c64d3be986ebc1d3103d6ef37,vibra5.dat-s,1875196,9097be55292271510f0933e3abbae53c43563f2a04f21b0fa4962927715bb819,2007-11-13,none stated on the source page (academic test problems; cite Kocvara and the references on the page),identical bytes,True,3280,3,1760 1761 -3280,1761 1760,2,1761,3280,0,none,3104401,48385,4,3280,1759,0,0,0,378.3,142.8,True,,True,165.9029,165.9029,7,2.995753818537605e-07,PENSDP (Kocvara page); large problems may differ from SDPT3/MOSEK in the 5th-6th digit
