problem,status,clarabel_value_cuadmm_convention,sdpa_convention,published,published_digits,rel_diff,solve_s,m,vec_len
trto1,optimal,-1104.4998753229866,1104.4998753229866,1.1045,,524.3028630662802,0.42629218101501465,36,361
buck1,optimal,-146.41912225977347,146.41912225977347,14.64192,7,8.424618094183673,0.25576305389404297,36,661
vibra1,optimal,-40.819007620061,40.819007620061,40.81901,7,5.691045765732503e-08,0.3043394088745117,36,661
shmup1,optimal,-188.41474609707174,188.41474609707174,188.4148,7,2.84576116924387e-07,3.5530362129211426,16,1713
mater-1,optimal,143.46542055604144,-143.46542055604144,-143.4654,7,1.4229041312709968e-07,0.21285009384155273,103,1322
trto2,optimal_inaccurate,-12799.899544359923,12799.899544359923,1.28,,5613.429624719263,37.32767200469971,144,4897
vibra2,optimal,-166.01505129261798,166.01505129261798,166.0153,7,1.4891293313453053e-06,110.08104252815247,144,9553
buck2,optimal,-292.3679416020374,292.3679416020374,292.3683,7,1.221665608043083e-06,87.39622449874878,144,9553
mater-2,optimal,141.59169394347813,-141.59169394347813,-141.5919,7,1.4450787308083613e-06,1.0712604522705078,423,6074
