problem,all_ok,blocks_ok,con_num_ok,indices_ok,b_equals_c,forward_worst_rel,objective_worst_rel,adjoint_worst_rel,round_trip_worst_rel,round_trip_missing,rank,m,cond_AAt,rank_note,zeros_dropped,lower_mirrored,duplicates,nonfinite,n_1x1_psd_as_l,clarabel_rel_diff_to_published
buck1,True,True,True,True,True,1.2086149697630173e-16,2.9605947323337506e-16,2.220446049250313e-16,0.0,0,36,36,156.77011114814434,,23,0,0,0,0,8.424618094183673
buck2,True,True,True,True,True,9.858788043833574e-17,2.9605947323337506e-16,2.7755575615628914e-16,0.0,0,144,144,74.07334761263009,,95,0,0,0,0,1.221665608043083e-06
buck3,True,True,True,True,True,9.355830697133552e-17,1.4802973661668753e-16,1.6728280910350598e-15,0.0,0,544,544,161.45755908510804,,319,0,0,0,0,
buck4,True,True,True,True,True,1.1129470037001508e-16,2.9605947323337506e-16,5.046182334373684e-15,0.0,0,1200,1200,186.33342624785328,,671,0,0,0,0,
buck5,True,True,True,True,True,1.0546284468760732e-16,3.700743415417188e-17,8.518241561691992e-15,0.0,0,3280,3280,191.8145299585016,,1759,0,0,0,0,
mater-1,True,True,True,True,True,1.3094676272303504e-16,0.0,4.320004637712689e-16,1.5699750037012756e-16,0,103,103,2148.9530662575585,,0,0,0,0,2,1.4229041312709968e-07
mater-2,True,True,True,True,True,1.0249888893853869e-16,0.0,6.661338147750939e-16,1.5700204637721244e-16,0,423,423,15750.261293409665,,0,0,0,0,2,1.4450787308083613e-06
mater-3,True,True,True,True,True,1.2663901074808545e-16,0.0,1.4432899320127035e-15,1.5699792960702038e-16,0,1439,1439,52708.43327644079,,0,0,0,0,2,
mater-4,True,True,True,True,True,1.3281623657598816e-16,0.0,2.9976021664879227e-15,1.5700793681351094e-16,0,4807,4807,204474.57511789908,,0,0,0,0,2,
mater-5,True,True,True,True,True,1.4312419411704175e-16,0.0,4.718447854656915e-15,1.5700195542561083e-16,0,,10143,,m = 10143 > 6000: see the factorization report of cuADMM init,0,0,0,0,2,
mater-6,True,True,True,True,True,1.3811245610487438e-16,0.0,6.418476861114186e-15,1.5700852040146626e-16,0,,20463,,m = 20463 > 6000: see the factorization report of cuADMM init,0,0,0,0,2,
shmup1,True,True,True,True,True,8.628354455759811e-17,8.77213254024815e-17,2.220446049250313e-16,0.0,0,16,16,12.341658971287535,,102,0,0,0,0,2.84576116924387e-07
shmup2,True,True,True,True,True,5.96617005416565e-17,3.408900681307827e-16,3.3306690738754696e-16,0.0,0,200,200,16.083687860366172,,2178,0,0,0,0,
shmup3,True,True,True,True,True,4.2022707036911805e-17,3.247035707864792e-16,3.73691000979507e-16,0.0,0,420,420,17.74301481099482,,1318,0,0,0,0,
shmup4,True,True,True,True,True,5.6438829116498e-17,7.275230091174309e-16,4.1224821617061325e-16,0.0,0,800,800,17.195466307786084,,8758,0,0,0,0,
shmup5,True,True,True,True,True,6.888387424910006e-17,3.0313121934438227e-16,4.301636955720305e-16,0.0,0,1800,1800,17.442776699890537,,19738,0,0,0,0,
trto1,True,True,True,True,True,8.391874378410652e-17,1.4802973661668753e-16,2.220446049250313e-16,0.0,0,36,36,79.79013391354721,,23,0,0,0,0,524.3028630662802
trto2,True,True,True,True,True,1.0404094609891639e-16,2.9605947323337506e-16,4.440892098500626e-16,0.0,0,144,144,54.54800646496536,,95,0,0,0,0,5613.429624719263
trto3,True,True,True,True,True,1.9938419595137923e-16,5.921189464667501e-16,1.4155343563970746e-15,0.0,0,544,544,153.92878313306448,,319,0,0,0,0,
trto4,True,True,True,True,True,1.6293583196037691e-16,1.4802973661668753e-16,4.826000710167477e-15,0.0,0,1200,1200,184.07178747414198,,671,0,0,0,0,
trto5,True,True,True,True,True,1.0686308430573682e-16,7.401486830834377e-17,2.0650148258027912e-14,0.0,0,3280,3280,191.525053012947,,1759,0,0,0,0,
vibra1,True,True,True,True,True,9.30453265460785e-17,2.9216395384872543e-16,2.220446049250313e-16,0.0,0,36,36,156.06186149204132,,23,0,0,0,0,5.691045765732503e-08
vibra2,True,True,True,True,True,9.860590779540787e-17,2.956652528961802e-16,3.3306690738754696e-16,0.0,0,144,144,74.09240763541662,,95,0,0,0,0,1.4891293313453053e-06
vibra3,True,True,True,True,True,9.355830697133552e-17,1.478326264480901e-16,1.6728280910350598e-15,0.0,0,544,544,161.3053054507448,,319,0,0,0,0,
vibra4,True,True,True,True,True,1.479600569022628e-16,2.956652528961802e-16,5.046182334373684e-15,0.0,0,1200,1200,186.02825253872047,,671,0,0,0,0,
vibra5,True,True,True,True,True,1.0547623005684326e-16,1.8479078306011262e-17,8.518241561691992e-15,0.0,0,3280,3280,191.79771892615298,,1759,0,0,0,0,
