	https://web.mat.bham.ac.uk/kocvara/pennon/problems/mater.zip	2026-09-29T18:10:51-04:00	98ed3416329d72ab37e031e638b669788d36386e5beda32259631df890b2eeac	14577319
	https://web.mat.bham.ac.uk/kocvara/pennon/problems/buck.zip	2026-09-29T18:11:19-04:00	922ff62467cda9d9f378f00b2ef4d0d521020f09dd0cf9e1126ce888122386cf	317571
	https://web.mat.bham.ac.uk/kocvara/pennon/problems/shmup.zip	2026-09-29T18:11:20-04:00	8463d1822642051f7d27f39085497a2d676cbdfae9274ac3e0e9527cccf290cc	883375
	https://web.mat.bham.ac.uk/kocvara/pennon/problems/trto.zip	2026-09-29T18:11:20-04:00	5043e2b123c61269eaa795188f9c2f715ebfc28d2a52520e64dcb839060b8b4e	154604
	https://web.mat.bham.ac.uk/kocvara/pennon/problems/vibra.zip	2026-09-29T18:11:21-04:00	bf1a0d005c62df7ebfd5406381d9d21cba0a7c5c64d3be986ebc1d3103d6ef37	295248
	https://plato.asu.edu/ftp/sdp/buck3.dat-s.gz	2026-09-29T18:11:22-04:00	0584f37b8596ad7f48abe73af25b3c042926ef5581d377cbbb2e4489a2cdb9a7	37522
	https://plato.asu.edu/ftp/sdp/buck4.dat-s.gz	2026-09-29T18:11:22-04:00	64cb84f98f6737f8a73f5aa7191f1d725dd0cd09fdbf38ce379788ae9e415a9d	95000
	https://plato.asu.edu/ftp/sdp/buck5.dat-s.gz	2026-09-29T18:11:23-04:00	eb9af048ab4dc6a31957c52499e74b865db5bffd3902ae77474164facbf24776	219740
	https://plato.asu.edu/ftp/sdp/mater-3.dat-s.gz	2026-09-29T18:11:23-04:00	42068988a3ca8fed0426094cff1e2bff8cded52f2538d42ec66b88c789adc4bd	604314
	https://plato.asu.edu/ftp/sdp/mater-4.dat-s.gz	2026-09-29T18:11:24-04:00	4e6145c7204bef6af2880bc750a515cd03dc19fc913e3a8011049231840dfbd1	2119983
	https://plato.asu.edu/ftp/sdp/mater-5.dat-s.gz	2026-09-29T18:11:25-04:00	c8c010eaa4b605aa6892547bd0e1c38cef37184fcf030d5a5b328a823b002503	4551484
	https://plato.asu.edu/ftp/sdp/mater-6.dat-s.gz	2026-09-29T18:11:36-04:00	2603b738291c7402fd026678fc1d12928e9847f615dc3b0c859fad117679e872	9248368
	https://plato.asu.edu/ftp/sdp/shmup3.dat-s.gz	2026-09-29T18:11:40-04:00	c04bde3cb1c471f4fbce9cc2334a029ff3952ab426071224275de52ad7447798	130374
	https://plato.asu.edu/ftp/sdp/shmup4.dat-s.gz	2026-09-29T18:11:40-04:00	f9a407a5472042680699df129dd10712124f63533f9137968b37d837fe1d7334	236564
	https://plato.asu.edu/ftp/sdp/shmup5.dat-s.gz	2026-09-29T18:11:41-04:00	3c9ad3224abaac7a2120766df62803d215f5ed994f46f2e1af3a5d360b9c1986	526429
	https://plato.asu.edu/ftp/sdp/trto3.dat-s.gz	2026-09-29T18:11:41-04:00	84388598851cf6f24b79ada997bf3c0b22f45f1216b1f5ce38703d3987d8bd42	18270
	https://plato.asu.edu/ftp/sdp/trto4.dat-s.gz	2026-09-29T18:11:41-04:00	39668247d46f660cc36cab93d1b059b30b6d21b126ebe7ae837459fcfa37a402	47482
	https://plato.asu.edu/ftp/sdp/trto5.dat-s.gz	2026-09-29T18:11:42-04:00	cf1e644b2de9a6eef491d74c54b8e6f4341fdb27c37263e88962c3f02565c80b	111666
	https://plato.asu.edu/ftp/sdp/vibra3.dat-s.gz	2026-09-29T18:11:42-04:00	9e888eb20ed7f5648d9768ffe0133774ac2f44b5504fa39eea07845607a3c76e	33365
	https://plato.asu.edu/ftp/sdp/vibra4.dat-s.gz	2026-09-29T18:11:43-04:00	ae69a8b117cc6b6783ecd6cad914077dd5db87839652877a279dbc49908ebb7b	86600
	https://plato.asu.edu/ftp/sdp/vibra5.dat-s.gz	2026-09-29T18:11:43-04:00	fc84279d8a85c24c1ea312f11da64e3d844f89ec32389d76e1c307716490474e	205766
