solver,problem,err1,err2,err3,err4,err5,err6,max_abs,n_found,format,log
COPT,buck5,1.603e-07,0.0,0.0,0.0,0.001203,0.001202,0.001203,6,six-value line,COPT/buck5.cop
COPT,mater-6,8.934e-06,0.0,2.358e-06,0.0,-6.884e-11,4.482e-06,8.934e-06,6,six-value line,COPT/mater-6.cop
COPT,shmup4,3.62e-09,0.0,0.0,0.0,4.478e-06,4.477e-06,4.478e-06,6,six-value line,COPT/shmup4.cop
COPT,shmup5,1.361e-07,0.0,0.0,0.0,2.406e-06,2.239e-06,2.406e-06,6,six-value line,COPT/shmup5.cop
COPT,trto4,6.134e-06,0.0,0.0,0.0,1.267e-06,3.127e-06,6.134e-06,6,six-value line,COPT/trto4.cop
COPT,trto5,3.195e-09,0.0,0.0,0.0,1.376e-06,1.455e-06,1.455e-06,6,six-value line,COPT/trto5.cop
COPT,vibra4,5.171e-08,0.0,0.0,0.0,9.535e-05,9.529e-05,9.535e-05,6,six-value line,COPT/vibra4.cop
COPT,vibra5,1.114e-07,0.0,0.0,0.0,0.0002268,0.0002268,0.0002268,6,six-value line,COPT/vibra5.cop
CSDP,buck5,3.33e-06,0.0,3.79e-07,0.0,3.41e-06,3.9e-06,3.9e-06,6,six-value line,CSDP/buck5.csd
CSDP,mater-6,3.02e-10,0.0,1.56e-08,0.0,6.38e-09,6.39e-09,1.56e-08,6,six-value line,CSDP/mater-6.csd
CSDP,shmup4,1.14e-07,0.0,1.23e-06,0.0,-1.67e-05,8.5e-07,1.67e-05,6,six-value line,CSDP/shmup4.csd
CSDP,shmup5,3.56e-07,0.0,5.77e-06,0.0,-5.6e-05,1.87e-06,5.6e-05,6,six-value line,CSDP/shmup5.csd
CSDP,trto4,0.000304,0.0,1.05e-06,0.0,1.11e-05,1.17e-05,0.000304,6,six-value line,CSDP/trto4.csd
CSDP,trto5,0.000857,0.0,1.05e-06,0.0,2.95e-05,2.82e-05,0.000857,6,six-value line,CSDP/trto5.csd
CSDP,vibra4,6.01e-06,0.0,7.99e-09,0.0,2.21e-07,3.37e-07,6.01e-06,6,six-value line,CSDP/vibra4.csd
CSDP,vibra5,0.000123,0.0,8.93e-07,0.0,-1.39e-05,6.85e-06,0.000123,6,six-value line,CSDP/vibra5.csd
CULORADS,buck5,5.296306e-07,,7.49701e-06,,2.055186e-05,,2.055186e-05,3,"cuLoRADS table (err1, err3, err5 only)",CULORADS/buck5.clr
CULORADS,mater-6,,,,,,,,0,,CULORADS/mater-6.clr
CULORADS,shmup4,9.405283e-08,,4.058319e-09,,9.001182e-06,,9.001182e-06,3,"cuLoRADS table (err1, err3, err5 only)",CULORADS/shmup4.clr
CULORADS,shmup5,2.456148e-07,,4.354416e-05,,1.516977e-06,,4.354416e-05,3,"cuLoRADS table (err1, err3, err5 only)",CULORADS/shmup5.clr
CULORADS,trto4,3.857252e-06,,0.002502917,,8.703199e-06,,0.002502917,3,"cuLoRADS table (err1, err3, err5 only)",CULORADS/trto4.clr
CULORADS,trto5,1.938964e-06,,0.0,,4.384365e-06,,4.384365e-06,3,"cuLoRADS table (err1, err3, err5 only)",CULORADS/trto5.clr
CULORADS,vibra4,3.880602e-10,,0.0005583776,,8.893738e-07,,0.0005583776,3,"cuLoRADS table (err1, err3, err5 only)",CULORADS/vibra4.clr
CULORADS,vibra5,6.481361e-09,,0.003919011,,9.96458e-06,,0.003919011,3,"cuLoRADS table (err1, err3, err5 only)",CULORADS/vibra5.clr
HDSDP,buck5,1.0,1.0,1.0,1.0,1.0,1.0,1.0,6,six-value line,HDSDP/buck5.hsd
HDSDP,mater-6,3.93e-10,0.0,0.0,0.0,5.27e-09,5.27e-09,5.27e-09,6,six-value line,HDSDP/mater-6.hsd
HDSDP,shmup4,0.00075,0.0,0.0,0.0,0.0012,2.59e-07,0.0012,6,six-value line,HDSDP/shmup4.hsd
HDSDP,shmup5,1.18e-08,0.0,3.1e-11,0.0,3.17e-05,3.26e-05,3.26e-05,6,six-value line,HDSDP/shmup5.hsd
HDSDP,trto4,2.94e-06,0.0,0.0,0.0,5.08e-06,5.66e-06,5.66e-06,6,six-value line,HDSDP/trto4.hsd
HDSDP,trto5,5.28e-09,0.0,0.0,0.0,-1.4e-07,3.06e-09,1.4e-07,6,six-value line,HDSDP/trto5.hsd
HDSDP,vibra4,5.22e-07,0.0,0.0,0.0,2.53e-05,2.53e-05,2.53e-05,6,six-value line,HDSDP/vibra4.hsd
HDSDP,vibra5,0.153,0.0,0.0,0.0,0.00883,0.000453,0.153,6,six-value line,HDSDP/vibra5.hsd
MOSEK,buck5,1.792029e-07,0.0,3.738808e-06,0.0,5.407951e-10,-3.202756e-06,3.738808e-06,6,ErrorK: lines,MOSEK/buck5.msk
MOSEK,mater-6,2.650479e-09,0.0,1.098198e-11,0.0,6.668691e-14,-3.743038e-09,3.743038e-09,6,ErrorK: lines,MOSEK/mater-6.msk
MOSEK,shmup4,2.003746e-09,0.0,8.47566e-09,0.0,2.826681e-11,-1.362939e-07,1.362939e-07,6,ErrorK: lines,MOSEK/shmup4.msk
MOSEK,shmup5,2.108839e-09,0.0,2.927292e-09,0.0,3.835967e-11,-4.362146e-07,4.362146e-07,6,ErrorK: lines,MOSEK/shmup5.msk
MOSEK,trto4,6.732711e-08,0.0,1.163454e-05,0.0,1.56704e-09,-1.966422e-06,1.163454e-05,6,ErrorK: lines,MOSEK/trto4.msk
MOSEK,trto5,3.147424e-07,0.0,2.232346e-06,0.0,4.530125e-09,-1.791426e-05,1.791426e-05,6,ErrorK: lines,MOSEK/trto5.msk
MOSEK,vibra4,5.053229e-09,0.0,8.156325e-10,0.0,4.008861e-10,-1.034212e-06,1.034212e-06,6,ErrorK: lines,MOSEK/vibra4.msk
MOSEK,vibra5,6.040884e-08,0.0,2.471772e-07,0.0,2.60828e-09,-1.908527e-05,1.908527e-05,6,ErrorK: lines,MOSEK/vibra5.msk
SDPA,buck5,0.00011717400698798701,0.0,5.048399459579753e-13,0.0,0.00020976943402815131,0.00020922692958090007,0.00020976943402815131,6,ErrorK: lines,SDPA/buck5.sda
SDPA,mater-6,3.042538329085407e-09,0.0,5.511265539901587e-12,5.419360995917473e-16,-1.2709104236131847e-11,4.438472495689334e-11,3.042538329085407e-09,6,ErrorK: lines,SDPA/mater-6.sda
SDPA,shmup4,1.00675727373639e-05,0.0,6.757578506000514e-15,0.0,7.251330573194589e-07,7.46040257124963e-07,1.00675727373639e-05,6,ErrorK: lines,SDPA/shmup4.sda
SDPA,shmup5,7.881936665672273e-05,0.0,3.06774637908178e-14,0.0,3.8694232795653056e-06,3.914726464230394e-06,7.881936665672273e-05,6,ErrorK: lines,SDPA/shmup5.sda
SDPA,trto4,0.0014968079989741631,0.0,5.4787079151739455e-12,0.0,0.00019827502145159268,0.0002001689962500584,0.0014968079989741631,6,ErrorK: lines,SDPA/trto4.sda
SDPA,trto5,0.0008538809242399442,0.0,1.224120186295978e-11,0.0,0.00031978881537514235,0.0003302313638881511,0.0008538809242399442,6,ErrorK: lines,SDPA/trto5.sda
SDPA,vibra4,0.0005607351265923705,0.0,9.69687805702497e-14,0.0,4.278384535335173e-06,4.284547777290229e-06,0.0005607351265923705,6,ErrorK: lines,SDPA/vibra4.sda
SDPA,vibra5,0.00810290047377181,0.0,1.9181989769702745e-13,0.0,3.992587837876798e-05,3.911309629718424e-05,0.00810290047377181,6,ErrorK: lines,SDPA/vibra5.sda
SDPT3,buck5,3.7e-05,0.0,2e-07,0.0,7.5e-05,7.5e-05,7.5e-05,6,six-value line,SDPT3/buck5.sdt
SDPT3,mater-6,3.3e-10,0.0,2.7e-11,0.0,2.7e-09,2.7e-09,2.7e-09,6,six-value line,SDPT3/mater-6.sdt
SDPT3,shmup4,1.3e-07,0.0,3.2e-11,0.0,6.9e-09,8e-09,1.3e-07,6,six-value line,SDPT3/shmup4.sdt
SDPT3,shmup5,5.1e-07,0.0,1.2e-10,0.0,2e-08,2.2e-08,5.1e-07,6,six-value line,SDPT3/shmup5.sdt
SDPT3,trto4,0.00013,0.0,1.4e-07,0.0,1.1e-06,1.3e-06,0.00013,6,six-value line,SDPT3/trto4.sdt
SDPT3,trto5,0.00095,0.0,1.5e-06,0.0,4.2e-05,4.4e-05,0.00095,6,six-value line,SDPT3/trto5.sdt
SDPT3,vibra4,1.7e-05,0.0,4.1e-09,0.0,9.7e-07,1.1e-06,1.7e-05,6,six-value line,SDPT3/vibra4.sdt
SDPT3,vibra5,0.00033,0.0,1.9e-08,0.0,7.9e-06,8.7e-06,0.00033,6,six-value line,SDPT3/vibra5.sdt
SeDuMi,buck5,6.23e-09,0.0,0.0,1.11e-07,-1.97e-05,-1.95e-05,1.97e-05,6,six-value line,SeDuMi/buck5.sed
SeDuMi,mater-6,2.67e-06,0.0,0.0,0.0,4.7e-09,3.31e-06,3.31e-06,6,six-value line,SeDuMi/mater-6.sed
SeDuMi,shmup4,2.25e-09,0.0,0.0,2.46e-11,-6.73e-09,2.5e-08,2.5e-08,6,six-value line,SeDuMi/shmup4.sed
SeDuMi,shmup5,0.0232,0.0,0.0,4.28e-05,-2.23e-06,-0.492,0.492,6,six-value line,SeDuMi/shmup5.sed
SeDuMi,trto4,2.46e-09,0.0,0.0,1.22e-08,-4.28e-10,4.69e-08,4.69e-08,6,six-value line,SeDuMi/trto4.sed
SeDuMi,trto5,8.98e-08,0.0,0.0,7.94e-07,-2.57e-08,2.86e-06,2.86e-06,6,six-value line,SeDuMi/trto5.sed
SeDuMi,vibra4,3.16e-12,0.0,0.0,3.28e-09,-2.91e-09,-2.85e-09,3.28e-09,6,six-value line,SeDuMi/vibra4.sed
SeDuMi,vibra5,3.17e-10,0.0,0.0,3.46e-09,-1.09e-05,-1.09e-05,1.09e-05,6,six-value line,SeDuMi/vibra5.sed
