problem,published,published_text,exact,digits,clarabel,mosek_plato_log,factor_exponent,factor_source,mosek_max_abs_dimacs,mosek_used_for_uncertainty,reference,reference_resolution_rel,diff_to_mosek_rel,diff_to_clarabel_rel,reference_uncertainty_rel,objective_check_decidable_at_1e6
mater-1,-143.4654,-1.434654e+02,False,7,-143.46542055604144,,0,independent solution,,False,-143.4654,3.461036345034867e-07,,1.4229041312709968e-07,3.461036345034867e-07,True
mater-2,-141.5919,-1.415919e+02,False,7,-141.59169394347813,,0,independent solution,,False,-141.5919,3.5065105381161203e-07,,1.4450787308083613e-06,3.5065105381161203e-07,True
mater-3,-133.9163,-1.339163e+02,False,7,,,0,inferred from the family (mater 2-5),,False,-133.9163,3.7060014245869474e-07,,,3.7060014245869474e-07,True
mater-4,-134.2627,-1.342627e+02,False,7,,,0,inferred from the family (mater 2-5),,False,-134.2627,3.696510567954063e-07,,,3.696510567954063e-07,True
mater-5,-133.8016,-1.338016e+02,False,7,,,0,inferred from the family (mater 2-5),,False,-133.8016,3.709154787480267e-07,,,3.709154787480267e-07,True
mater-6,-133.5387,-1.335387e+02,False,7,,-133.53871468,0,independent solution,3.743038e-09,True,-133.5387,3.71640278968059e-07,1.0911358584923995e-07,,3.71640278968059e-07,True
trto1,1.1045,1.1045,True,,1104.4998753229866,,3,independent solution,,False,1104.5,0.0,,1.1277884526979827e-07,0.0,True
trto2,1.28,1.28,True,,12799.899544359923,,4,independent solution,,False,12800.0,0.0,,7.847483796319718e-06,0.0,True
trto3,1.28,1.28,True,,,,4,inferred from the family (trto 2-5),,False,12800.0,0.0,,,0.0,True
trto4,1.276582,1.276582,False,7,,12765.830177,4,independent solution,1.163454e-05,False,12765.820000000002,3.916402048434927e-07,7.971444728047757e-07,,3.916402048434927e-07,True
trto5,1.28,1.28,True,,,12799.978446,4,independent solution,1.791426e-05,False,12800.0,0.0,1.6837747051662515e-06,,0.0,True
buck1,14.64192,14.64192,False,7,146.41912225977347,,1,independent solution,,False,146.41920000000002,3.391688463917861e-07,,5.273412591044119e-07,3.391688463917861e-07,True
buck2,292.3683,292.3683,False,7,292.3679416020374,,0,independent solution,,False,292.3683,1.704342289197572e-07,,1.221665608043083e-06,1.704342289197572e-07,True
buck3,607.6055,607.6055,False,7,,,0,inferred from the family (buck 2-5),,False,607.6055,8.21550248888648e-08,,,8.21550248888648e-08,True
buck4,486.1421,486.1421,False,7,,,0,inferred from the family (buck 2-5),,False,486.1421,1.0263945571528308e-07,,,1.0263945571528308e-07,True
buck5,436.239,436.2390,False,7,,436.23917552,0,independent solution,3.738808e-06,False,436.239,1.1435393457582697e-07,4.0142805199791904e-07,,1.1435393457582697e-07,True
vibra1,40.81901,40.81901,False,7,40.819007620061,,0,independent solution,,False,40.81901,1.1956284952704524e-07,,5.691045765732503e-08,1.1956284952704524e-07,True
vibra2,166.0153,166.0153,False,7,166.01505129261798,,0,independent solution,,False,166.0153,2.9937376994802275e-07,,1.4891293313453053e-06,2.9937376994802275e-07,True
vibra3,172.613,172.6130,False,7,,,0,inferred from the family (vibra 2-5),,False,172.613,2.879968665940915e-07,,,2.879968665940915e-07,True
vibra4,165.6133,165.6133,False,7,,165.6130183,0,independent solution,1.034212e-06,False,165.6133,3.00096090768264e-07,1.6907413754866605e-06,,3.00096090768264e-07,True
vibra5,165.9029,165.9029,False,7,,165.89823548,0,independent solution,1.908527e-05,False,165.9029,2.995753818537605e-07,2.7947507203154058e-05,,2.995753818537605e-07,True
shmup1,188.4148,188.4148,False,7,188.41474609707174,,0,independent solution,,False,188.4148,2.6397092518641625e-07,,2.84576116924387e-07,2.6397092518641625e-07,True
shmup2,3462.427,3462.427,False,7,,,0,inferred from the family (shmup 2-5),,False,3462.427,1.443656817366152e-07,,,1.443656817366152e-07,True
shmup3,2098.838,2098.838,False,7,,,0,inferred from the family (shmup 2-5),,False,2098.838,2.381136068591958e-07,,,2.381136068591958e-07,True
shmup4,7992.534,7992.534,False,7,,7992.5499658,0,independent solution,1.362939e-07,True,7992.534,6.255055648728086e-08,1.99733934955815e-06,,1.99733934955815e-06,False
shmup5,23858.867,23858.867,False,8,,23858.910443,0,independent solution,4.362146e-07,True,23858.867,2.0955690993583494e-08,1.820756167764829e-06,,1.820756167764829e-06,False
